concept_id,concept_name,domain_id,vocabulary_id,concept_class_id,standard_concept,concept_code,valid_start_date,valid_end_date,invalid_reason
2000001000,IRSF CSS Total Score,Measurement,IRSF-NHS,Clinical Observation,S,IRSF-CSS-TOTAL,1970-01-01,2099-12-31,
2000001001,IRSF CSS Age of Onset of Regression,Measurement,IRSF-NHS,Clinical Observation,S,IRSF-CSS-001,1970-01-01,2099-12-31,
2000001002,IRSF CSS Onset of Stereotypes,Measurement,IRSF-NHS,Clinical Observation,S,IRSF-CSS-002,1970-01-01,2099-12-31,
2000001003,IRSF CSS Head Growth,Measurement,IRSF-NHS,Clinical Observation,S,IRSF-CSS-003,1970-01-01,2099-12-31,
2000001004,IRSF CSS Somatic Growth,Measurement,IRSF-NHS,Clinical Observation,S,IRSF-CSS-004,1970-01-01,2099-12-31,
2000001005,IRSF CSS Independent Sitting,Measurement,IRSF-NHS,Clinical Observation,S,IRSF-CSS-005,1970-01-01,2099-12-31,
2000001006,IRSF CSS Ambulation,Measurement,IRSF-NHS,Clinical Observation,S,IRSF-CSS-006,1970-01-01,2099-12-31,
2000001007,IRSF CSS Hand Use,Measurement,IRSF-NHS,Clinical Observation,S,IRSF-CSS-007,1970-01-01,2099-12-31,
2000001008,IRSF CSS Scoliosis,Measurement,IRSF-NHS,Clinical Observation,S,IRSF-CSS-008,1970-01-01,2099-12-31,
2000001009,IRSF CSS Language,Measurement,IRSF-NHS,Clinical Observation,S,IRSF-CSS-009,1970-01-01,2099-12-31,
2000001010,IRSF CSS Nonverbal Communication,Measurement,IRSF-NHS,Clinical Observation,S,IRSF-CSS-010,1970-01-01,2099-12-31,
2000001011,IRSF CSS Respiratory Dysfunction,Measurement,IRSF-NHS,Clinical Observation,S,IRSF-CSS-011,1970-01-01,2099-12-31,
2000001012,IRSF CSS Autonomic Symptoms,Measurement,IRSF-NHS,Clinical Observation,S,IRSF-CSS-012,1970-01-01,2099-12-31,
2000001013,IRSF CSS Epilepsy/Seizures,Measurement,IRSF-NHS,Clinical Observation,S,IRSF-CSS-013,1970-01-01,2099-12-31,
2000002000,IRSF MBA Grand Total,Observation,IRSF-NHS,Clinical Observation,S,IRSF-MBA-GRAND,1970-01-01,2099-12-31,
2000002001,IRSF MBA Behavioral/Social Subtotal,Observation,IRSF-NHS,Clinical Observation,S,IRSF-MBA-SUB1,1970-01-01,2099-12-31,
2000002002,IRSF MBA Orofacial/Respiratory Subtotal,Observation,IRSF-NHS,Clinical Observation,S,IRSF-MBA-SUB2,1970-01-01,2099-12-31,
2000002003,IRSF MBA Motor/Physical Subtotal,Observation,IRSF-NHS,Clinical Observation,S,IRSF-MBA-SUB3,1970-01-01,2099-12-31,
2000002004,IRSF MBA Motor Skills Regression,Observation,IRSF-NHS,Clinical Observation,S,IRSF-MBA-001,1970-01-01,2099-12-31,
2000002005,IRSF MBA Verbal Skills Regression,Observation,IRSF-NHS,Clinical Observation,S,IRSF-MBA-002,1970-01-01,2099-12-31,
2000002006,IRSF MBA Poor Eye/Social Contact,Observation,IRSF-NHS,Clinical Observation,S,IRSF-MBA-003,1970-01-01,2099-12-31,
2000002007,IRSF MBA Lack of Sustained Interest,Observation,IRSF-NHS,Clinical Observation,S,IRSF-MBA-004,1970-01-01,2099-12-31,
2000002008,IRSF MBA Irritability/Crying/Tantrums,Observation,IRSF-NHS,Clinical Observation,S,IRSF-MBA-005,1970-01-01,2099-12-31,
2000002009,IRSF MBA Over-active or Over-passive,Observation,IRSF-NHS,Clinical Observation,S,IRSF-MBA-006,1970-01-01,2099-12-31,
2000002010,IRSF MBA Does Not Reach for Objects/People,Observation,IRSF-NHS,Clinical Observation,S,IRSF-MBA-007,1970-01-01,2099-12-31,
2000002011,IRSF MBA Does Not Follow Verbal Acts/Appears Deaf,Observation,IRSF-NHS,Clinical Observation,S,IRSF-MBA-008,1970-01-01,2099-12-31,
2000002012,IRSF MBA Feeding Difficulties,Observation,IRSF-NHS,Clinical Observation,S,IRSF-MBA-009,1970-01-01,2099-12-31,
2000002013,IRSF MBA Chewing Difficulties,Observation,IRSF-NHS,Clinical Observation,S,IRSF-MBA-010,1970-01-01,2099-12-31,
2000002014,IRSF MBA Lack of Toilet Training,Observation,IRSF-NHS,Clinical Observation,S,IRSF-MBA-011,1970-01-01,2099-12-31,
2000002015,IRSF MBA Masturbation,Observation,IRSF-NHS,Clinical Observation,S,IRSF-MBA-012,1970-01-01,2099-12-31,
2000002016,IRSF MBA Self-Mutilating/Scratching,Observation,IRSF-NHS,Clinical Observation,S,IRSF-MBA-013,1970-01-01,2099-12-31,
2000002017,IRSF MBA Aggressive Behavior,Observation,IRSF-NHS,Clinical Observation,S,IRSF-MBA-014,1970-01-01,2099-12-31,
2000002018,IRSF MBA Seizures,Observation,IRSF-NHS,Clinical Observation,S,IRSF-MBA-015,1970-01-01,2099-12-31,
2000002019,IRSF MBA Apparent Insensitivity to Pain,Observation,IRSF-NHS,Clinical Observation,S,IRSF-MBA-016,1970-01-01,2099-12-31,
2000002020,IRSF MBA Speech Disturbance,Observation,IRSF-NHS,Clinical Observation,S,IRSF-MBA-017,1970-01-01,2099-12-31,
2000002021,IRSF MBA Bruxism,Observation,IRSF-NHS,Clinical Observation,S,IRSF-MBA-018,1970-01-01,2099-12-31,
2000002022,IRSF MBA Breath Holding,Observation,IRSF-NHS,Clinical Observation,S,IRSF-MBA-019,1970-01-01,2099-12-31,
2000002023,IRSF MBA Hyperventilation,Observation,IRSF-NHS,Clinical Observation,S,IRSF-MBA-020,1970-01-01,2099-12-31,
2000002024,IRSF MBA Air/Saliva Expulsion,Observation,IRSF-NHS,Clinical Observation,S,IRSF-MBA-021,1970-01-01,2099-12-31,
2000002025,IRSF MBA Mouthing Hands/Objects,Observation,IRSF-NHS,Clinical Observation,S,IRSF-MBA-022,1970-01-01,2099-12-31,
2000002026,IRSF MBA Biting Self/Others,Observation,IRSF-NHS,Clinical Observation,S,IRSF-MBA-023,1970-01-01,2099-12-31,
2000002027,IRSF MBA Hand Clumsiness,Observation,IRSF-NHS,Clinical Observation,S,IRSF-MBA-024,1970-01-01,2099-12-31,
2000002028,IRSF MBA Stereotypic Hand Activities,Observation,IRSF-NHS,Clinical Observation,S,IRSF-MBA-025,1970-01-01,2099-12-31,
2000002029,IRSF MBA Ataxia/Apraxia,Observation,IRSF-NHS,Clinical Observation,S,IRSF-MBA-026,1970-01-01,2099-12-31,
2000002030,IRSF MBA Truncal Rocking/Shifting Weight,Observation,IRSF-NHS,Clinical Observation,S,IRSF-MBA-027,1970-01-01,2099-12-31,
2000002031,IRSF MBA Oculogyric Movements,Observation,IRSF-NHS,Clinical Observation,S,IRSF-MBA-028,1970-01-01,2099-12-31,
2000002032,IRSF MBA Bradykinesia,Observation,IRSF-NHS,Clinical Observation,S,IRSF-MBA-029,1970-01-01,2099-12-31,
2000002033,IRSF MBA Dystonia,Observation,IRSF-NHS,Clinical Observation,S,IRSF-MBA-030,1970-01-01,2099-12-31,
2000002034,IRSF MBA Hypomimia,Observation,IRSF-NHS,Clinical Observation,S,IRSF-MBA-031,1970-01-01,2099-12-31,
2000002035,IRSF MBA Scoliosis,Observation,IRSF-NHS,Clinical Observation,S,IRSF-MBA-032,1970-01-01,2099-12-31,
2000002036,IRSF MBA Myoclonus,Observation,IRSF-NHS,Clinical Observation,S,IRSF-MBA-033,1970-01-01,2099-12-31,
2000002037,IRSF MBA Chorea/Athetosis,Observation,IRSF-NHS,Clinical Observation,S,IRSF-MBA-034,1970-01-01,2099-12-31,
2000002038,IRSF MBA Hypertonia/Rigidity,Observation,IRSF-NHS,Clinical Observation,S,IRSF-MBA-035,1970-01-01,2099-12-31,
2000002039,IRSF MBA Hyperreflexia,Observation,IRSF-NHS,Clinical Observation,S,IRSF-MBA-036,1970-01-01,2099-12-31,
2000002040,IRSF MBA Vasomotor Disturbance,Observation,IRSF-NHS,Clinical Observation,S,IRSF-MBA-037,1970-01-01,2099-12-31,
2000003000,IRSF MECP2 Mutation R106W (c.C316T),Observation,IRSF-NHS,Observable Entity,S,IRSF-MUT-MECP2-001,1970-01-01,2099-12-31,
2000003001,IRSF MECP2 Mutation R133C (c.C397T),Observation,IRSF-NHS,Observable Entity,S,IRSF-MUT-MECP2-002,1970-01-01,2099-12-31,
2000003002,IRSF MECP2 Mutation T158M (c.C473T),Observation,IRSF-NHS,Observable Entity,S,IRSF-MUT-MECP2-003,1970-01-01,2099-12-31,
2000003003,IRSF MECP2 Mutation L100V (c.C298G),Observation,IRSF-NHS,Observable Entity,S,IRSF-MUT-MECP2-004,1970-01-01,2099-12-31,
2000003004,IRSF MECP2 Mutation R106Q (c.G317A),Observation,IRSF-NHS,Observable Entity,S,IRSF-MUT-MECP2-005,1970-01-01,2099-12-31,
2000003005,IRSF MECP2 Mutation P152R (c.C455G),Observation,IRSF-NHS,Observable Entity,S,IRSF-MUT-MECP2-006,1970-01-01,2099-12-31,
2000003006,IRSF MECP2 Mutation P101R (c.C302G),Observation,IRSF-NHS,Observable Entity,S,IRSF-MUT-MECP2-007,1970-01-01,2099-12-31,
2000003007,IRSF MECP2 Mutation S134C (c.C401G),Observation,IRSF-NHS,Observable Entity,S,IRSF-MUT-MECP2-008,1970-01-01,2099-12-31,
2000003008,IRSF MECP2 Mutation D156E (c.C468G),Observation,IRSF-NHS,Observable Entity,S,IRSF-MUT-MECP2-009,1970-01-01,2099-12-31,
2000003009,IRSF MECP2 Mutation P225R (c.C674G),Observation,IRSF-NHS,Observable Entity,S,IRSF-MUT-MECP2-010,1970-01-01,2099-12-31,
2000003010,IRSF MECP2 Mutation P322L (c.C965T),Observation,IRSF-NHS,Observable Entity,S,IRSF-MUT-MECP2-011,1970-01-01,2099-12-31,
2000003011,IRSF MECP2 Mutation R168X (c.C502T),Observation,IRSF-NHS,Observable Entity,S,IRSF-MUT-MECP2-012,1970-01-01,2099-12-31,
2000003012,IRSF MECP2 Mutation R255X (c.C763T),Observation,IRSF-NHS,Observable Entity,S,IRSF-MUT-MECP2-013,1970-01-01,2099-12-31,
2000003013,IRSF MECP2 Mutation R270X (c.C808T),Observation,IRSF-NHS,Observable Entity,S,IRSF-MUT-MECP2-014,1970-01-01,2099-12-31,
2000003014,IRSF MECP2 Mutation R294X (c.C880T),Observation,IRSF-NHS,Observable Entity,S,IRSF-MUT-MECP2-015,1970-01-01,2099-12-31,
2000003015,IRSF MECP2 Mutation Y141X (c.C421G),Observation,IRSF-NHS,Observable Entity,S,IRSF-MUT-MECP2-016,1970-01-01,2099-12-31,
2000003016,IRSF MECP2 Mutation Y141X (c.C423G),Observation,IRSF-NHS,Observable Entity,S,IRSF-MUT-MECP2-017,1970-01-01,2099-12-31,
2000003017,IRSF MECP2 Deletion 710del1,Observation,IRSF-NHS,Observable Entity,S,IRSF-MUT-MECP2-DEL-001,1970-01-01,2099-12-31,
2000003018,IRSF MECP2 Deletion 1157del41,Observation,IRSF-NHS,Observable Entity,S,IRSF-MUT-MECP2-DEL-002,1970-01-01,2099-12-31,
2000003019,IRSF MECP2 Deletion 1163del35,Observation,IRSF-NHS,Observable Entity,S,IRSF-MUT-MECP2-DEL-003,1970-01-01,2099-12-31,
2000003020,IRSF MECP2 Deletion 806del1,Observation,IRSF-NHS,Observable Entity,S,IRSF-MUT-MECP2-DEL-004,1970-01-01,2099-12-31,
2000003021,IRSF MECP2 Deletion 1157del44,Observation,IRSF-NHS,Observable Entity,S,IRSF-MUT-MECP2-DEL-005,1970-01-01,2099-12-31,
2000003022,IRSF MECP2 Deletion 1164del44,Observation,IRSF-NHS,Observable Entity,S,IRSF-MUT-MECP2-DEL-006,1970-01-01,2099-12-31,
2000003023,IRSF MECP2 Deletion 807del1,Observation,IRSF-NHS,Observable Entity,S,IRSF-MUT-MECP2-DEL-007,1970-01-01,2099-12-31,
2000003024,IRSF MECP2 Deletion 1163del26,Observation,IRSF-NHS,Observable Entity,S,IRSF-MUT-MECP2-DEL-008,1970-01-01,2099-12-31,
2000003025,IRSF MECP2 Deletion 1168del6,Observation,IRSF-NHS,Observable Entity,S,IRSF-MUT-MECP2-DEL-009,1970-01-01,2099-12-31,
2000003026,IRSF MECP2 Large Deletion Exon 1-2,Observation,IRSF-NHS,Observable Entity,S,IRSF-MUT-MECP2-LDEL-001,1970-01-01,2099-12-31,
2000003027,IRSF MECP2 Large Deletion Exon 3,Observation,IRSF-NHS,Observable Entity,S,IRSF-MUT-MECP2-LDEL-002,1970-01-01,2099-12-31,
2000003028,IRSF MECP2 Large Deletion Exon 3-4,Observation,IRSF-NHS,Observable Entity,S,IRSF-MUT-MECP2-LDEL-003,1970-01-01,2099-12-31,
2000003029,IRSF MECP2 Large Deletion Exon 4,Observation,IRSF-NHS,Observable Entity,S,IRSF-MUT-MECP2-LDEL-004,1970-01-01,2099-12-31,
2000003030,IRSF MECP2 Large Deletion Exon 1-4,Observation,IRSF-NHS,Observable Entity,S,IRSF-MUT-MECP2-LDEL-005,1970-01-01,2099-12-31,
2000003031,IRSF Other MCP2 Mutations (legacy column),Observation,IRSF-NHS,Observable Entity,S,IRSF-MUT-MECP2-OTHER-001,1970-01-01,2099-12-31,
2000003032,IRSF Other MECP2 Mutations,Observation,IRSF-NHS,Observable Entity,S,IRSF-MUT-MECP2-OTHER-002,1970-01-01,2099-12-31,
2000003033,IRSF MCP2 Duplications,Observation,IRSF-NHS,Observable Entity,S,IRSF-MUT-MECP2-DUP-001,1970-01-01,2099-12-31,
2000003034,IRSF MECP2 Duplication-Associated FLNA,Observation,IRSF-NHS,Observable Entity,S,IRSF-MUT-MECP2-DUPA-001,1970-01-01,2099-12-31,
2000003035,IRSF MECP2 Duplication-Associated L1CAM,Observation,IRSF-NHS,Observable Entity,S,IRSF-MUT-MECP2-DUPA-002,1970-01-01,2099-12-31,
2000003036,IRSF MECP2 Duplication-Associated IRAK1,Observation,IRSF-NHS,Observable Entity,S,IRSF-MUT-MECP2-DUPA-003,1970-01-01,2099-12-31,
2000003037,IRSF CDKL5 Mutation A40V,Observation,IRSF-NHS,Observable Entity,S,IRSF-MUT-CDKL5-001,1970-01-01,2099-12-31,
2000003038,IRSF CDKL5 Mutation R59X,Observation,IRSF-NHS,Observable Entity,S,IRSF-MUT-CDKL5-002,1970-01-01,2099-12-31,
2000003039,IRSF CDKL5 Polymorphism Q791P,Observation,IRSF-NHS,Observable Entity,S,IRSF-MUT-CDKL5-003,1970-01-01,2099-12-31,
2000003040,IRSF CDKL5 Polymorphism R952X,Observation,IRSF-NHS,Observable Entity,S,IRSF-MUT-CDKL5-004,1970-01-01,2099-12-31,
2000003041,IRSF CDKL5 Other Mutation,Observation,IRSF-NHS,Observable Entity,S,IRSF-MUT-CDKL5-OTHER,1970-01-01,2099-12-31,
2000003042,IRSF FOXG1 Mutation N253D,Observation,IRSF-NHS,Observable Entity,S,IRSF-MUT-FOXG1-001,1970-01-01,2099-12-31,
2000003043,IRSF FOXG1 Mutation 560dupG,Observation,IRSF-NHS,Observable Entity,S,IRSF-MUT-FOXG1-002,1970-01-01,2099-12-31,
2000003044,IRSF FOXG1 Other Mutation (underscore variant),Observation,IRSF-NHS,Observable Entity,S,IRSF-MUT-FOXG1-OTHER-001,1970-01-01,2099-12-31,
2000003045,IRSF FOXG1 Other Mutation (no underscore variant),Observation,IRSF-NHS,Observable Entity,S,IRSF-MUT-FOXG1-OTHER-002,1970-01-01,2099-12-31,
2000003046,IRSF CDKL5 Other Mutation (no underscore variant),Observation,IRSF-NHS,Observable Entity,S,IRSF-MUT-CDKL5-OTHER-002,1970-01-01,2099-12-31,
2000003047,IRSF FOXG1 Mutations Other (text description),Observation,IRSF-NHS,Observable Entity,S,IRSF-MUT-FOXG1-OTHER-003,1970-01-01,2099-12-31,
2000004000,IRSF Classic Rett Syndrome,Condition,IRSF-NHS,Clinical Finding,S,IRSF-DX-001,1970-01-01,2099-12-31,
2000004001,IRSF Variant Rett Syndrome,Condition,IRSF-NHS,Clinical Finding,S,IRSF-DX-002,1970-01-01,2099-12-31,
2000004002,IRSF MECP2 Duplication Syndrome,Condition,IRSF-NHS,Clinical Finding,S,IRSF-DX-003,1970-01-01,2099-12-31,
2000004003,IRSF CDKL5 Deficiency Disorder,Condition,IRSF-NHS,Clinical Finding,S,IRSF-DX-004,1970-01-01,2099-12-31,
2000004004,IRSF Other Non-Rett Diagnosis,Condition,IRSF-NHS,Clinical Finding,S,IRSF-DX-005,1970-01-01,2099-12-31,
2000004005,IRSF MECP2 Mutation-Positive Non-Rett,Condition,IRSF-NHS,Clinical Finding,S,IRSF-DX-006,1970-01-01,2099-12-31,
2000004006,IRSF FOXG1 Syndrome,Condition,IRSF-NHS,Clinical Finding,S,IRSF-DX-007,1970-01-01,2099-12-31,
2000004007,IRSF Atypical Rett Syndrome - Unspecified,Condition,IRSF-NHS,Clinical Finding,S,IRSF-DX-008,1970-01-01,2099-12-31,
2000004008,IRSF Atypical Rett - Preserved Speech Variant (Zapella),Condition,IRSF-NHS,Clinical Finding,S,IRSF-DX-009,1970-01-01,2099-12-31,
2000004009,IRSF Atypical Rett - Congenital Variant (Rolando),Condition,IRSF-NHS,Clinical Finding,S,IRSF-DX-010,1970-01-01,2099-12-31,
2000004010,IRSF FOXG1 Duplication Syndrome,Condition,IRSF-NHS,Clinical Finding,S,IRSF-DX-011,1970-01-01,2099-12-31,
2000004011,IRSF Atypical Rett - Delayed Onset Variant,Condition,IRSF-NHS,Clinical Finding,S,IRSF-DX-012,1970-01-01,2099-12-31,
2000004012,IRSF Atypical Rett - Early Seizure Variant (Hanefeld),Condition,IRSF-NHS,Clinical Finding,S,IRSF-DX-013,1970-01-01,2099-12-31,
2000004013,IRSF Other Mutation Diagnosis,Condition,IRSF-NHS,Clinical Finding,S,IRSF-DX-014,1970-01-01,2099-12-31,
