PMID,Title,Authors,Citation,First Author,Journal/Book,Publication Year,Create Date,PMCID,NIHMS ID,DOI
"38175665","OHDSI Standardized Vocabularies-a large-scale centralized reference ontology for international data harmonization","Reich C, Ostropolets A, Ryan P, Rijnbeek P, Schuemie M, Davydov A, Dymshyts D, Hripcsak G.","J Am Med Inform Assoc. 2024 Feb 16;31(3):583-590. doi: 10.1093/jamia/ocad247.","Reich C","J Am Med Inform Assoc","2024","2024/01/04","PMC10873827","","10.1093/jamia/ocad247"
"39976940","Semaglutide and Nonarteritic Anterior Ischemic Optic Neuropathy","Cai CX, Hribar M, Baxter S, Goetz K, Swaminathan SS, Flowers A, Brown EN, Toy B, Xu B, Chen J, Chen A, Wang S, Lee C, Leng T, Ehrlich JR, Barkmeier A, Armbrust KR, Boland MV, Dorr D, Boyce D, Alshammari T, Swerdel J, Suchard MA, Schuemie M, Bu F, Sena AG, Hripcsak G, Nishimura A, Nagy P, Falconer T, DuVall SL, Matheny M, Viernes B, O'Brien W, Zhang L, Martin B, Westlund E, Mathioudakis N, Fan R, Wilcox A, Lai A, Stocking JC, Takkouche S, Lee LH, Xie Y, Humes I, McCoy DB, Adibuzzaman M, Areaux RG Jr, Rojas-Carabali W, Brash J, Lee DA, Weiskopf NG, Mawn L, Agrawal R, Morgan-Cooper H, Desai P, Ryan PB.","JAMA Ophthalmol. 2025 Apr 1;143(4):304-314. doi: 10.1001/jamaophthalmol.2024.6555.","Cai CX","JAMA Ophthalmol","2025","2025/02/20","PMC11843465","","10.1001/jamaophthalmol.2024.6555"
"41192935","Semaglutide and diabetic retinopathy: an OHDSI network study","Cai CX, Nishimura A, Baxter S, Goetz K, Hribar M, Toy B, Barkmeier A, Wang S, Swaminathan S, Flowers A, Brown E, Xu B, Chen J, Chen A, Leng T, Boland M, Alshammari T, Bu F, Falconer T, Martin B, Westlund E, Mathioudakis N, Zhang L, Fan R, Wilcox A, Lai A, Stocking JC, Xie Y, Lee LH, Dorr D, Humes I, McCoy D, Adibuzzaman M, Areaux R Jr, Brash J, Weiskopf N, Morgan-Cooper H, Desai P, Tran D, Rustam Z, Zhu G, Swerdel J, Sena A, Nagy P, Suchard M, Schuemie M, Hripcsak G, Ryan P.","BMJ Open Diabetes Res Care. 2025 Nov 4;13(6):e005424. doi: 10.1136/bmjdrc-2025-005424.","Cai CX","BMJ Open Diabetes Res Care","2025","2025/11/05","PMC12587949","","10.1136/bmjdrc-2025-005424"
"38818399","OHDSI-compliance: a set of document templates facilitating the implementation and operation of a software stack for real-world evidence generation","Wirth FN, Abu Attieh H, Prasser F.","Front Med (Lausanne). 2024 May 16;11:1378866. doi: 10.3389/fmed.2024.1378866. eCollection 2024.","Wirth FN","Front Med (Lausanne)","2024","2024/05/31","PMC11137233","","10.3389/fmed.2024.1378866"
"27274072","Characterizing treatment pathways at scale using the OHDSI network","Hripcsak G, Ryan PB, Duke JD, Shah NH, Park RW, Huser V, Suchard MA, Schuemie MJ, DeFalco FJ, Perotte A, Banda JM, Reich CG, Schilling LM, Matheny ME, Meeker D, Pratt N, Madigan D.","Proc Natl Acad Sci U S A. 2016 Jul 5;113(27):7329-36. doi: 10.1073/pnas.1510502113. Epub 2016 Jun 6.","Hripcsak G","Proc Natl Acad Sci U S A","2016","2016/06/09","PMC4941483","","10.1073/pnas.1510502113"
"38347885","INSPIRE datahub: a pan-African integrated suite of services for harmonising longitudinal population health data using OHDSI tools","Bhattacharjee T, Kiwuwa-Muyingo S, Kanjala C, Maoyi ML, Amadi D, Ochola M, Kadengye D, Gregory A, Kiragga A, Taylor A, Greenfield J, Slaymaker E, Todd J; INSPIRE Network.","Front Digit Health. 2024 Jan 29;6:1329630. doi: 10.3389/fdgth.2024.1329630. eCollection 2024.","Bhattacharjee T","Front Digit Health","2024","2024/02/13","PMC10859396","","10.3389/fdgth.2024.1329630"
"33882595","Drawing Reproducible Conclusions from Observational Clinical Data with OHDSI","Hripcsak G, Schuemie MJ, Madigan D, Ryan PB, Suchard MA.","Yearb Med Inform. 2021 Aug;30(1):283-289. doi: 10.1055/s-0041-1726481. Epub 2021 Apr 21.","Hripcsak G","Yearb Med Inform","2021","2021/04/21","PMC8416226","","10.1055/s-0041-1726481"
"30738946","ADEpedia-on-OHDSI: A next generation pharmacovigilance signal detection platform using the OHDSI common data model","Yu Y, Ruddy KJ, Hong N, Tsuji S, Wen A, Shah ND, Jiang G.","J Biomed Inform. 2019 Mar;91:103119. doi: 10.1016/j.jbi.2019.103119. Epub 2019 Feb 7.","Yu Y","J Biomed Inform","2019","2019/02/11","PMC6432939","NIHMS1521934","10.1016/j.jbi.2019.103119"
"36935011","Representing and utilizing clinical textual data for real world studies: An OHDSI approach","Keloth VK, Banda JM, Gurley M, Heider PM, Kennedy G, Liu H, Liu F, Miller T, Natarajan K, V Patterson O, Peng Y, Raja K, Reeves RM, Rouhizadeh M, Shi J, Wang X, Wang Y, Wei WQ, Williams AE, Zhang R, Belenkaya R, Reich C, Blacketer C, Ryan P, Hripcsak G, Elhadad N, Xu H.","J Biomed Inform. 2023 Jun;142:104343. doi: 10.1016/j.jbi.2023.104343. Epub 2023 Mar 17.","Keloth VK","J Biomed Inform","2023","2023/03/19","PMC10428170","NIHMS1897646","10.1016/j.jbi.2023.104343"
"38105303","Implementation of inclusion and exclusion criteria in clinical studies in OHDSI ATLAS software","Blasini R, Buchowicz KM, Schneider H, Samans B, Sohrabi K.","Sci Rep. 2023 Dec 18;13(1):22457. doi: 10.1038/s41598-023-49560-w.","Blasini R","Sci Rep","2023","2023/12/17","PMC10725886","","10.1038/s41598-023-49560-w"
"37361151","Enabling data sharing and utilization for African population health data using OHDSI tools with an OMOP-common data model","Kiwuwa-Muyingo S, Todd J, Bhattacharjee T, Taylor A, Greenfield J.","Front Public Health. 2023 Jun 9;11:1116682. doi: 10.3389/fpubh.2023.1116682. eCollection 2023.","Kiwuwa-Muyingo S","Front Public Health","2023","2023/06/26","PMC10287979","","10.3389/fpubh.2023.1116682"
"38412331","Towards global model generalizability: independent cross-site feature evaluation for patient-level risk prediction models using the OHDSI network","Naderalvojoud B, Curtin CM, Yanover C, El-Hay T, Choi B, Park RW, Tabuenca JG, Reeve MP, Falconer T, Humphreys K, Asch SM, Hernandez-Boussard T.","J Am Med Inform Assoc. 2024 Apr 19;31(5):1051-1061. doi: 10.1093/jamia/ocae028.","Naderalvojoud B","J Am Med Inform Assoc","2024","2024/02/27","PMC11031239","","10.1093/jamia/ocae028"
"30526572","Preliminary exploration of survival analysis using the OHDSI common data model: a case study of intrahepatic cholangiocarcinoma","Hong N, Zhang N, Wu H, Lu S, Yu Y, Hou L, Lu Y, Liu H, Jiang G.","BMC Med Inform Decis Mak. 2018 Dec 7;18(Suppl 5):116. doi: 10.1186/s12911-018-0686-7.","Hong N","BMC Med Inform Decis Mak","2018","2018/12/12","PMC6284277","","10.1186/s12911-018-0686-7"
"36406796","Evaluating a novel approach to stimulate open science collaborations: a case series of ""study-a-thon"" events within the OHDSI and European IMI communities","Hughes N, Rijnbeek PR, van Bochove K, Duarte-Salles T, Steinbeisser C, Vizcaya D, Prieto-Alhambra D, Ryan P.","JAMIA Open. 2022 Nov 17;5(4):ooac100. doi: 10.1093/jamiaopen/ooac100. eCollection 2022 Dec.","Hughes N","JAMIA Open","2022","2022/11/21","PMC9670330","","10.1093/jamiaopen/ooac100"
"30306935","Biomedical Informatics Investigator","Elkin PL, Mullin S, Sakilay S.","Stud Health Technol Inform. 2018;255:195-199.","Elkin PL","Stud Health Technol Inform","2018","2018/10/12","PMC7847179","NIHMS1655784",""
"26262116","Observational Health Data Sciences and Informatics (OHDSI): Opportunities for Observational Researchers","Hripcsak G, Duke JD, Shah NH, Reich CG, Huser V, Schuemie MJ, Suchard MA, Park RW, Wong IC, Rijnbeek PR, van der Lei J, Pratt N, Norén GN, Li YC, Stang PE, Madigan D, Ryan PB.","Stud Health Technol Inform. 2015;216:574-8.","Hripcsak G","Stud Health Technol Inform","2015","2015/08/12","PMC4815923","NIHMS771006",""
"32477694","Integrating Electronic Health Record Data into the ADEpedia-on-OHDSI Platform for Improved Signal Detection: A Case Study of Immune-related Adverse Events","Yu Y, Ruddy KJ, Wen A, Zong N, Tsuji S, Chen J, Shah ND, Jiang G.","AMIA Jt Summits Transl Sci Proc. 2020 May 30;2020:710-719. eCollection 2020.","Yu Y","AMIA Jt Summits Transl Sci Proc","2020","2020/06/02","PMC7233056","",""
"29295408","Building Interoperable FHIR-Based Vocabulary Mapping Services: A Case Study of OHDSI Vocabularies and Mappings","Jiang G, Kiefer R, Prud'hommeaux E, Solbrig HR.","Stud Health Technol Inform. 2017;245:1327.","Jiang G","Stud Health Technol Inform","2017","2018/01/04","PMC5939959","NIHMS961862",""
"28815104","Electronic phenotyping with APHRODITE and the Observational Health Sciences and Informatics (OHDSI) data network","Banda JM, Halpern Y, Sontag D, Shah NH.","AMIA Jt Summits Transl Sci Proc. 2017 Jul 26;2017:48-57. eCollection 2017.","Banda JM","AMIA Jt Summits Transl Sci Proc","2017","2017/08/18","PMC5543379","",""
"40506029","Secondary Cancer Risk in Breast Cancer with and without Radiotherapy: The Observational Health Data Sciences and Informatics (OHDSI) Cohort Study","Kim S, Boo D, Yoo S, Kim B, Kim K, Kim K, Song E, Kim J, Ryoo HG, Paeng JC, Choi IY, Ko S, Yoo IR, Park RW, Lee HY.","Cancer Res Treat. 2025 Jun 5. doi: 10.4143/crt.2024.968. Online ahead of print.","Kim S","Cancer Res Treat","2025","2025/06/12","","","10.4143/crt.2024.968"
"39753061","ATC-to-RxNorm mappings - A comparison between OHDSI Standardized Vocabularies and UMLS Metathesaurus","de Groot R, Glaser S, Kogan A, Medlock S, Alloni A, Gabetta M, Wilk S, de Keizer N, Cornet R.","Int J Med Inform. 2025 Mar;195:105777. doi: 10.1016/j.ijmedinf.2024.105777. Epub 2024 Dec 31.","de Groot R","Int J Med Inform","2025","2025/01/03","","","10.1016/j.ijmedinf.2024.105777"
"29295227","A Consensus-Based Approach for Harmonizing the OHDSI Common Data Model with HL7 FHIR","Jiang G, Kiefer RC, Sharma DK, Prud'hommeaux E, Solbrig HR.","Stud Health Technol Inform. 2017;245:887-891.","Jiang G","Stud Health Technol Inform","2017","2018/01/04","PMC5939955","NIHMS961581",""
"32229499","Extending an open-source tool to measure data quality: case report on Observational Health Data Science and Informatics (OHDSI)","Dixon BE, Wen C, French T, Williams JL, Duke JD, Grannis SJ.","BMJ Health Care Inform. 2020 Mar;27(1):e100054. doi: 10.1136/bmjhci-2019-100054.","Dixon BE","BMJ Health Care Inform","2020","2020/04/02","PMC7254131","NIHMS1590928","10.1136/bmjhci-2019-100054"
"33936474","Characterizing database granularity using SNOMED-CT hierarchy","Ostropolets A, Reich C, Ryan P, Weng C, Molinaro A, DeFalco F, Jonnagaddala J, Liaw ST, Jeon H, Park RW, Spotnitz ME, Natarajan K, Argyriou G, Kostka K, Miller R, Williams A, Minty E, Posada J, Hripcsak G.","AMIA Annu Symp Proc. 2021 Jan 25;2020:983-992. eCollection 2020.","Ostropolets A","AMIA Annu Symp Proc","2021","2021/05/03","PMC8075504","",""
"31910437","Development and validation of a prognostic model predicting symptomatic hemorrhagic transformation in acute ischemic stroke at scale in the OHDSI network","Wang Q, Reps JM, Kostka KF, Ryan PB, Zou Y, Voss EA, Rijnbeek PR, Chen R, Rao GA, Morgan Stewart H, Williams AE, Williams RD, Van Zandt M, Falconer T, Fernandez-Chas M, Vashisht R, Pfohl SR, Shah NH, Kasthurirathne SN, You SC, Jiang Q, Reich C, Zhou Y.","PLoS One. 2020 Jan 7;15(1):e0226718. doi: 10.1371/journal.pone.0226718. eCollection 2020.","Wang Q","PLoS One","2020","2020/01/08","PMC6946584","","10.1371/journal.pone.0226718"
"31307128","Fully connecting the Observational Health Data Science and Informatics (OHDSI) initiative with the world of linked open data","Banda JM.","Genomics Inform. 2019 Jun;17(2):e13. doi: 10.5808/GI.2019.17.2.e13. Epub 2019 Jun 11.","Banda JM","Genomics Inform","2019","2019/07/16","PMC6808628","","10.5808/GI.2019.17.2.e13"
"38593431","Converge or Collide? Making Sense of a Plethora of Open Data Standards in Health Care","Tsafnat G, Dunscombe R, Gabriel D, Grieve G, Reich C.","J Med Internet Res. 2024 Apr 9;26:e55779. doi: 10.2196/55779.","Tsafnat G","J Med Internet Res","2024","2024/04/09","PMC11040436","","10.2196/55779"
"40619597","Core Concepts in Pharmacoepidemiology: Multi-Database Distributed Data Networks","Haber R, Webster-Clark M, Pratt N, Barclay N, Li X, Maro JC, Platt RW, Prieto-Alhambra D, Filion KB.","Pharmacoepidemiol Drug Saf. 2025 Jul;34(7):e70177. doi: 10.1002/pds.70177.","Haber R","Pharmacoepidemiol Drug Saf","2025","2025/07/06","PMC12230205","","10.1002/pds.70177"
"37034358","Contextualising adverse events of special interest to characterise the baseline incidence rates in 24 million patients with COVID-19 across 26 databases: a multinational retrospective cohort study","Voss EA, Shoaibi A, Yin Hui Lai L, Blacketer C, Alshammari T, Makadia R, Haynes K, Sena AG, Rao G, van Sandijk S, Fraboulet C, Boyer L, Le Carrour T, Horban S, Morales DR, Martínez Roldán J, Ramírez-Anguita JM, Mayer MA, de Wilde M, John LH, Duarte-Salles T, Roel E, Pistillo A, Kolde R, Maljković F, Denaxas S, Papez V, Kahn MG, Natarajan K, Reich C, Secora A, Minty EP, Shah NH, Posada JD, Garcia Morales MT, Bosca D, Cadenas Juanino H, Diaz Holgado A, Pedrera Jiménez M, Serrano Balazote P, García Barrio N, Şen S, Üresin AY, Erdogan B, Belmans L, Byttebier G, Malbrain MLNG, Dedman DJ, Cuccu Z, Vashisht R, Butte AJ, Patel A, Dahm L, Han C, Bu F, Arshad F, Ostropolets A, Nyberg F, Hripcsak G, Suchard MA, Prieto-Alhambra D, Rijnbeek PR, Schuemie MJ, Ryan PB.","EClinicalMedicine. 2023 Apr;58:101932. doi: 10.1016/j.eclinm.2023.101932. Epub 2023 Apr 4.","Voss EA","EClinicalMedicine","2023","2023/04/10","PMC10072853","","10.1016/j.eclinm.2023.101932"
"41726399","Cross Biobank Comparison of Phenomic Profiles","Newbury A, Jiang X, Natarajan K, Gürsoy G.","AMIA Annu Symp Proc. 2025 May 22;2024:939-948. eCollection 2024.","Newbury A","AMIA Annu Symp Proc","2025","2026/02/23","PMC12919452","",""
"40978507","Editorial: External control arms for single-arm studies: methodological considerations and applications","Layton D, Hester L, Golozar A.","Front Drug Saf Regul. 2025 Mar 11;5:1579171. doi: 10.3389/fdsfr.2025.1579171. eCollection 2025.","Layton D","Front Drug Saf Regul","2025","2025/09/22","PMC12443072","","10.3389/fdsfr.2025.1579171"
"39153995","Trends in incidence, prevalence, and survival of breast cancer in the United Kingdom from 2000 to 2021","Barclay NL, Burn E, Delmestri A, Duarte-Salles T, Golozar A, Man WY, Tan EH, Tietzova I; OPTIMA Consortium; Prieto-Alhambra D, Newby D.","Sci Rep. 2024 Aug 17;14(1):19069. doi: 10.1038/s41598-024-69006-1.","Barclay NL","Sci Rep","2024","2024/08/17","PMC11330450","","10.1038/s41598-024-69006-1"
"36478647","Establishment of an International Evidence Sharing Network Through Common Data Model for Cardiovascular Research","You SC, Lee S, Choi B, Park RW.","Korean Circ J. 2022 Dec;52(12):853-864. doi: 10.4070/kcj.2022.0294.","You SC","Korean Circ J","2022","2022/12/08","PMC9742390","","10.4070/kcj.2022.0294"
"36233137","OMOP CDM Can Facilitate Data-Driven Studies for Cancer Prediction: A Systematic Review","Ahmadi N, Peng Y, Wolfien M, Zoch M, Sedlmayr M.","Int J Mol Sci. 2022 Oct 5;23(19):11834. doi: 10.3390/ijms231911834.","Ahmadi N","Int J Mol Sci","2022","2022/10/14","PMC9569469","","10.3390/ijms231911834"
"37128407","Phenotyping in distributed data networks: selecting the right codes for the right patients","Ostropolets A, Ryan P, Hripcsak G.","AMIA Annu Symp Proc. 2023 Apr 29;2022:826-835. eCollection 2022.","Ostropolets A","AMIA Annu Symp Proc","2023","2023/05/02","PMC10148372","",""
"34714250","Transforming Anesthesia Data Into the Observational Medical Outcomes Partnership Common Data Model: Development and Usability Study","Lamer A, Abou-Arab O, Bourgeois A, Parrot A, Popoff B, Beuscart JB, Tavernier B, Moussa MD.","J Med Internet Res. 2021 Oct 29;23(10):e29259. doi: 10.2196/29259.","Lamer A","J Med Internet Res","2021","2021/10/29","PMC8590192","","10.2196/29259"
"39569020","Physiological signal analysis and open science using the Julia language and associated software","Datseris G, Zelko JS.","Front Netw Physiol. 2024 Nov 6;4:1478280. doi: 10.3389/fnetp.2024.1478280. eCollection 2024.","Datseris G","Front Netw Physiol","2024","2024/11/21","PMC11577965","","10.3389/fnetp.2024.1478280"
"38408983","Conceptual design of a generic data harmonization process for OMOP common data model","Henke E, Zoch M, Peng Y, Reinecke I, Sedlmayr M, Bathelt F.","BMC Med Inform Decis Mak. 2024 Feb 26;24(1):58. doi: 10.1186/s12911-024-02458-7.","Henke E","BMC Med Inform Decis Mak","2024","2024/02/26","PMC10895818","","10.1186/s12911-024-02458-7"
"39724470","Characteristics and Outcomes of Over a Million Patients with Inflammatory Bowel Disease in Seven Countries: Multinational Cohort Study and Open Data Resource","Yanover C, Magen-Rimon R, Voss EA, Swerdel J, Sheahan A, Hall N, Park J, Park RW, Lee KJ, Shin SJ, Seo SI, Lee KJ, Falconer T, Haas L, Nagy P, Bowring MG, Cook M, Miller S, El-Hay T, Bivas-Benita M, Akiva P, Chowers Y, Weisshof R.","Dig Dis Sci. 2025 Feb;70(2):709-718. doi: 10.1007/s10620-024-08787-x. Epub 2024 Dec 26.","Yanover C","Dig Dis Sci","2025","2024/12/26","PMC11839857","","10.1007/s10620-024-08787-x"
"40517846","Clusters of post-acute COVID-19 symptoms: a latent class analysis across 9 databases and 7 countries","López-Güell K, Català M, Dedman D, Duarte-Salles T, Kolde R, López-Blasco R, Martínez Á, Mercier G, Abellan A, Arinze JT, Burkard T, Burn E, Cuccu Z, Delmestri A, Delseny D, Khalid S, Kim C, Kim JW, Kostka K, Loste C, Mayer MA, Meléndez-Cardiel J, Mercadé-Besora N, Mosseveld M, Nishimura A, Nordeng HM, Oyinlola JO, Paredes R, Pérez-Crespo L, Pineda-Moncusí M, Ramírez-Anguita JM, Trinh NTH, Uusküla A, Valdivieso B, Prieto-Alhambra D, Xie J, Mateu L, Jödicke AM.","J Clin Epidemiol. 2025 Sep;185:111867. doi: 10.1016/j.jclinepi.2025.111867. Epub 2025 Jun 13.","López-Güell K","J Clin Epidemiol","2025","2025/06/15","","","10.1016/j.jclinepi.2025.111867"
"37459703","ReDWINE: A clinical datamart with text analytical capabilities to facilitate rehabilitation research","Oniani D, Parmanto B, Saptono A, Bove A, Freburger J, Visweswaran S, Cappella N, McLay B, Silverstein JC, Becich MJ, Delitto A, Skidmore E, Wang Y.","Int J Med Inform. 2023 Sep;177:105144. doi: 10.1016/j.ijmedinf.2023.105144. Epub 2023 Jul 11.","Oniani D","Int J Med Inform","2023","2023/07/17","PMC10528160","NIHMS1918582","10.1016/j.ijmedinf.2023.105144"
"38472144","Markov modeling for cost-effectiveness using federated health data network","Haug M, Oja M, Pajusalu M, Mooses K, Reisberg S, Vilo J, Giménez AF, Falconer T, Danilović A, Maljkovic F, Dawoud D, Kolde R.","J Am Med Inform Assoc. 2024 Apr 19;31(5):1093-1101. doi: 10.1093/jamia/ocae044.","Haug M","J Am Med Inform Assoc","2024","2024/03/13","PMC11031209","","10.1093/jamia/ocae044"
"38836701","Sharing sensitive data in life sciences: an overview of centralized and federated approaches","Rujano MA, Boiten JW, Ohmann C, Canham S, Contrino S, David R, Ewbank J, Filippone C, Connellan C, Custers I, van Nuland R, Mayrhofer MT, Holub P, Álvarez EG, Bacry E, Hughes N, Freeberg MA, Schaffhauser B, Wagener H, Sánchez-Pla A, Bertolini G, Panagiotopoulou M.","Brief Bioinform. 2024 May 23;25(4):bbae262. doi: 10.1093/bib/bbae262.","Rujano MA","Brief Bioinform","2024","2024/06/05","PMC11151787","","10.1093/bib/bbae262"
"31325501","Facilitating phenotype transfer using a common data model","Hripcsak G, Shang N, Peissig PL, Rasmussen LV, Liu C, Benoit B, Carroll RJ, Carrell DS, Denny JC, Dikilitas O, Gainer VS, Howell KM, Klann JG, Kullo IJ, Lingren T, Mentch FD, Murphy SN, Natarajan K, Pacheco JA, Wei WQ, Wiley K, Weng C.","J Biomed Inform. 2019 Aug;96:103253. doi: 10.1016/j.jbi.2019.103253. Epub 2019 Jul 17.","Hripcsak G","J Biomed Inform","2019","2019/07/21","PMC6697565","NIHMS1535478","10.1016/j.jbi.2019.103253"
"35780114","Empirical assessment of alternative methods for identifying seasonality in observational healthcare data","Molinaro A, DeFalco F.","BMC Med Res Methodol. 2022 Jul 2;22(1):182. doi: 10.1186/s12874-022-01652-3.","Molinaro A","BMC Med Res Methodol","2022","2022/07/02","PMC9250712","","10.1186/s12874-022-01652-3"
"38269952","Health-Analytics Data to Evidence Suite (HADES): Open-Source Software for Observational Research","Schuemie M, Reps J, Black A, Defalco F, Evans L, Fridgeirsson E, Gilbert JP, Knoll C, Lavallee M, Rao GA, Rijnbeek P, Sadowski K, Sena A, Swerdel J, Williams RD, Suchard M.","Stud Health Technol Inform. 2024 Jan 25;310:966-970. doi: 10.3233/SHTI231108.","Schuemie M","Stud Health Technol Inform","2024","2024/01/25","PMC10868467","NIHMS1965136","10.3233/SHTI231108"
"38010062","Bayesian safety surveillance with adaptive bias correction","Bu F, Schuemie MJ, Nishimura A, Smith LH, Kostka K, Falconer T, McLeggon JA, Ryan PB, Hripcsak G, Suchard MA.","Stat Med. 2024 Jan 30;43(2):395-418. doi: 10.1002/sim.9968. Epub 2023 Nov 27.","Bu F","Stat Med","2024","2023/11/27","","","10.1002/sim.9968"
"35115001","Evaluating the performance of temporal pattern discovery: new application using statins and rhabdomyolysis in OMOP databases","Lavallee M, Yu T, Evans L, Van Hemelrijck M, Bosco C, Golozar A, Asiimwe A.","BMC Med Inform Decis Mak. 2022 Feb 3;22(1):31. doi: 10.1186/s12911-022-01765-1.","Lavallee M","BMC Med Inform Decis Mak","2022","2022/02/04","PMC8812213","","10.1186/s12911-022-01765-1"
"32375693","Feasibility and evaluation of a large-scale external validation approach for patient-level prediction in an international data network: validation of models predicting stroke in female patients newly diagnosed with atrial fibrillation","Reps JM, Williams RD, You SC, Falconer T, Minty E, Callahan A, Ryan PB, Park RW, Lim HS, Rijnbeek P.","BMC Med Res Methodol. 2020 May 6;20(1):102. doi: 10.1186/s12874-020-00991-3.","Reps JM","BMC Med Res Methodol","2020","2020/05/08","PMC7201646","","10.1186/s12874-020-00991-3"
"30943974","Developing a portable natural language processing based phenotyping system","Sharma H, Mao C, Zhang Y, Vatani H, Yao L, Zhong Y, Rasmussen L, Jiang G, Pathak J, Luo Y.","BMC Med Inform Decis Mak. 2019 Apr 4;19(Suppl 3):78. doi: 10.1186/s12911-019-0786-z.","Sharma H","BMC Med Inform Decis Mak","2019","2019/04/05","PMC6448187","","10.1186/s12911-019-0786-z"
"33936520","Normalizing Clinical Document Titles to LOINC Document Ontology: an Initial Study","Zuo X, Li J, Zhao B, Zhou Y, Dong X, Duke J, Natarajan K, Hripcsak G, Shah N, Banda JM, Reeves R, Miller T, Xu H.","AMIA Annu Symp Proc. 2021 Jan 25;2020:1441-1450. eCollection 2020.","Zuo X","AMIA Annu Symp Proc","2021","2021/05/03","PMC8075502","",""
"39552716","Incidence of post-acute COVID-19 symptoms across healthcare settings in seven countries: an international retrospective cohort study using routinely-collected data","Xie J, López-Güell K, Dedman D, Duarte-Salles T, Kolde R, López-Blasco R, Martínez Á, Mercier G, Abellan A, Arinze JT, Cuccu Z, Delmestri A, Delseny D, Khalid S, Kim C, Kim JW, Kostka K, Loste C, Mateu L, Mayer MA, Meléndez-Cardiel J, Mercadé-Besora N, Mosseveld M, Nishimura A, Nordeng HME, Oyinlola JO, Pérez-Crespo L, Pineda-Moncusí M, Ramírez-Anguita JM, Trinh NTH, Uusküla A, Valdivieso B, Burkard T, Burn E, Català M, Prieto-Alhambra D, Paredes R, Jödicke AM.","EClinicalMedicine. 2024 Oct 30;77:102903. doi: 10.1016/j.eclinm.2024.102903. eCollection 2024 Nov.","Xie J","EClinicalMedicine","2024","2024/11/18","PMC11564986","","10.1016/j.eclinm.2024.102903"
"40790972","Identification of Adult Patients With Dermatomyositis Using Real-World Data Sources","Martin B, Kelly W, Morgan-Cooper H, Falconer T, Park E, Desai P, Fiorentino D, Chung L, Yen S, Wang Z, Saygin D, George M, Rao GA, Swerdel J, Shoaibi A, Mecoli CA.","Arthritis Care Res (Hoboken). 2026 Mar;78(3):362-370. doi: 10.1002/acr.25625. Epub 2025 Nov 15.","Martin B","Arthritis Care Res (Hoboken)","2026","2025/08/12","PMC12440357","NIHMS2101046","10.1002/acr.25625"
"32308871","Considerations for Improving the Portability of Electronic Health Record-Based Phenotype Algorithms","Rasmussen LV, Brandt PS, Jiang G, Kiefer RC, Pacheco JA, Adekkanattu P, Ancker JS, Wang F, Xu Z, Pathak J, Luo Y.","AMIA Annu Symp Proc. 2020 Mar 4;2019:755-764. eCollection 2019.","Rasmussen LV","AMIA Annu Symp Proc","2020","2020/04/21","PMC7153055","",""
"26559926","Systems biology approaches for identifying adverse drug reactions and elucidating their underlying biological mechanisms","Boland MR, Jacunski A, Lorberbaum T, Romano JD, Moskovitch R, Tatonetti NP.","Wiley Interdiscip Rev Syst Biol Med. 2016 Mar-Apr;8(2):104-22. doi: 10.1002/wsbm.1323. Epub 2015 Nov 12.","Boland MR","Wiley Interdiscip Rev Syst Biol Med","2016","2015/11/13","PMC4760887","NIHMS731462","10.1002/wsbm.1323"
"38046363","Conversion of CPRD AURUM Data into the OMOP Common Data Model","Mayer CS.","Inform Med Unlocked. 2023;43:101407. doi: 10.1016/j.imu.2023.101407. Epub 2023 Nov 10.","Mayer CS","Inform Med Unlocked","2023","2023/12/04","PMC10688258","NIHMS1945870","10.1016/j.imu.2023.101407"
"31445247","Automatic trial eligibility surveillance based on unstructured clinical data","Meystre SM, Heider PM, Kim Y, Aruch DB, Britten CD.","Int J Med Inform. 2019 Sep;129:13-19. doi: 10.1016/j.ijmedinf.2019.05.018. Epub 2019 May 23.","Meystre SM","Int J Med Inform","2019","2019/08/25","PMC6717538","NIHMS1530600","10.1016/j.ijmedinf.2019.05.018"
"39043402","allofus: an R package to facilitate use of the All of Us Researcher Workbench","Smith LH, Cavanaugh R.","J Am Med Inform Assoc. 2024 Dec 1;31(12):3013-3021. doi: 10.1093/jamia/ocae198.","Smith LH","J Am Med Inform Assoc","2024","2024/07/23","PMC11631081","","10.1093/jamia/ocae198"
"38596781","Predictive Models for Assessing Patients' Response to Treatment in Metastatic Prostate Cancer: A Systematic Review","Lawlor A, Lin C, Gómez Rivas J, Ibáñez L, Abad López P, Willemse PP, Imran Omar M, Remmers S, Cornford P, Rajwa P, Nicoletti R, Gandaglia G, Yuen-Chun Teoh J, Moreno Sierra J, Golozar A, Bjartell A, Evans-Axelsson S, N'Dow J, Zong J, Ribal MJ, Roobol MJ, Van Hemelrijck M, Beyer K; PIONEER Consortium.","Eur Urol Open Sci. 2024 Apr 4;63:126-135. doi: 10.1016/j.euros.2024.03.012. eCollection 2024 May.","Lawlor A","Eur Urol Open Sci","2024","2024/04/10","PMC11001619","","10.1016/j.euros.2024.03.012"
"40787090","Bayesian Posterior Interval Calibration to Improve the Interpretability of Observational Studies","Mulgrave JJ, Madigan D, Hripcsak G.","Stat Anal Data Min. 2024 Dec;17(6):e11715. doi: 10.1002/sam.11715. Epub 2024 Dec 4.","Mulgrave JJ","Stat Anal Data Min","2024","2025/08/11","PMC12332498","NIHMS2036067","10.1002/sam.11715"
"29365340","Towards Implementation of OMOP in a German University Hospital Consortium","Maier C, Lang L, Storf H, Vormstein P, Bieber R, Bernarding J, Herrmann T, Haverkamp C, Horki P, Laufer J, Berger F, Höning G, Fritsch HW, Schüttler J, Ganslandt T, Prokosch HU, Sedlmayr M.","Appl Clin Inform. 2018 Jan;9(1):54-61. doi: 10.1055/s-0037-1617452. Epub 2018 Jan 24.","Maier C","Appl Clin Inform","2018","2018/01/25","PMC5801887","","10.1055/s-0037-1617452"
"35345821","Unraveling COVID-19: A Large-Scale Characterization of 4.5 Million COVID-19 Cases Using CHARYBDIS","Kostka K, Duarte-Salles T, Prats-Uribe A, Sena AG, Pistillo A, Khalid S, Lai LYH, Golozar A, Alshammari TM, Dawoud DM, Nyberg F, Wilcox AB, Andryc A, Williams A, Ostropolets A, Areia C, Jung CY, Harle CA, Reich CG, Blacketer C, Morales DR, Dorr DA, Burn E, Roel E, Tan EH, Minty E, DeFalco F, de Maeztu G, Lipori G, Alghoul H, Zhu H, Thomas JA, Bian J, Park J, Martínez Roldán J, Posada JD, Banda JM, Horcajada JP, Kohler J, Shah K, Natarajan K, Lynch KE, Liu L, Schilling LM, Recalde M, Spotnitz M, Gong M, Matheny ME, Valveny N, Weiskopf NG, Shah N, Alser O, Casajust P, Park RW, Schuff R, Seager S, DuVall SL, You SC, Song S, Fernández-Bertolín S, Fortin S, Magoc T, Falconer T, Subbian V, Huser V, Ahmed WU, Carter W, Guan Y, Galvan Y, He X, Rijnbeek PR, Hripcsak G, Ryan PB, Suchard MA, Prieto-Alhambra D.","Clin Epidemiol. 2022 Mar 22;14:369-384. doi: 10.2147/CLEP.S323292. eCollection 2022.","Kostka K","Clin Epidemiol","2022","2022/03/29","PMC8957305","","10.2147/CLEP.S323292"
"36795690","Using a data-driven approach for the development and evaluation of phenotype algorithms for systemic lupus erythematosus","Swerdel JN, Ramcharran D, Hardin J.","PLoS One. 2023 Feb 16;18(2):e0281929. doi: 10.1371/journal.pone.0281929. eCollection 2023.","Swerdel JN","PLoS One","2023","2023/02/16","PMC9934349","","10.1371/journal.pone.0281929"
"40167184","Incidence and Survival of Colorectal Cancer in the United Kingdom From 2000 to 2021: A Population-Based Cohort Study","Pedregal-Pascual P, Guarner-Argente C, Tan EH, Golozar A, Duarte-Salles T, Weinberger Rosen A, Delmestri A, Man WY, Burn E, Prieto-Alhambra D, Newby D.","Am J Gastroenterol. 2025 Dec 1;120(12):2909-2917. doi: 10.14309/ajg.0000000000003460. Epub 2025 Apr 1.","Pedregal-Pascual P","Am J Gastroenterol","2025","2025/04/01","PMC12662139","","10.14309/ajg.0000000000003460"
"35962355","Leveraging artificial intelligence and data science techniques in harmonizing, sharing, accessing and analyzing SARS-COV-2/COVID-19 data in Rwanda (LAISDAR Project): study design and rationale","Nishimwe A, Ruranga C, Musanabaganwa C, Mugeni R, Semakula M, Nzabanita J, Kabano I, Uwimana A, Utumatwishima JN, Kabakambira JD, Uwineza A, Halvorsen L, Descamps F, Houghtaling J, Burke B, Bahati O, Bizimana C, Jansen S, Twizere C, Nkurikiyeyezu K, Birungi F, Nsanzimana S, Twagirumukiza M.","BMC Med Inform Decis Mak. 2022 Aug 12;22(1):214. doi: 10.1186/s12911-022-01965-9.","Nishimwe A","BMC Med Inform Decis Mak","2022","2022/08/12","PMC9372951","","10.1186/s12911-022-01965-9"
"27592566","Robust empirical calibration of p-values using observational data","Schuemie MJ, Hripcsak G, Ryan PB, Madigan D, Suchard MA.","Stat Med. 2016 Sep 30;35(22):3883-8. doi: 10.1002/sim.6977.","Schuemie MJ","Stat Med","2016","2016/09/06","PMC5108459","","10.1002/sim.6977"
"37703800","Determining and assessing characteristics of data element names impacting the performance of annotation using Usagi","de Groot R, Püttmann DP, Fleuren LM, Thoral PJ, Elbers PWG, de Keizer NF, Cornet R; Dutch ICU Data Sharing Against COVID-19 Collaborators.","Int J Med Inform. 2023 Oct;178:105200. doi: 10.1016/j.ijmedinf.2023.105200. Epub 2023 Aug 29.","de Groot R","Int J Med Inform","2023","2023/09/13","","","10.1016/j.ijmedinf.2023.105200"
"31238109","HemOnc: A new standard vocabulary for chemotherapy regimen representation in the OMOP common data model","Warner JL, Dymshyts D, Reich CG, Gurley MJ, Hochheiser H, Moldwin ZH, Belenkaya R, Williams AE, Yang PC.","J Biomed Inform. 2019 Aug;96:103239. doi: 10.1016/j.jbi.2019.103239. Epub 2019 Jun 22.","Warner JL","J Biomed Inform","2019","2019/06/26","PMC6697579","NIHMS1534326","10.1016/j.jbi.2019.103239"
"30395248","Effect of vocabulary mapping for conditions on phenotype cohorts","Hripcsak G, Levine ME, Shang N, Ryan PB.","J Am Med Inform Assoc. 2018 Dec 1;25(12):1618-1625. doi: 10.1093/jamia/ocy124.","Hripcsak G","J Am Med Inform Assoc","2018","2018/11/06","PMC6289550","","10.1093/jamia/ocy124"
"38222429","Standardizing Multi-site Clinical Note Titles to LOINC Document Ontology: A Transformer-based Approach","Zuo X, Zhou Y, Duke J, Hripcsak G, Shah N, Banda JM, Reeves R, Miller T, Waitman LR, Natarajan K, Xu H.","AMIA Annu Symp Proc. 2024 Jan 11;2023:834-843. eCollection 2023.","Zuo X","AMIA Annu Symp Proc","2024","2024/01/15","PMC10785935","",""
"35211336","Ensuring a safe(r) harbor: Excising personally identifiable information from structured electronic health record data","Pfaff ER, Haendel MA, Kostka K, Lee A, Niehaus E, Palchuk MB, Walters K, Chute CG.","J Clin Transl Sci. 2021 Dec 9;6(1):e10. doi: 10.1017/cts.2021.880. eCollection 2022.","Pfaff ER","J Clin Transl Sci","2021","2022/02/25","PMC8826001","","10.1017/cts.2021.880"
"35995107","PheValuator 2.0: Methodological improvements for the PheValuator approach to semi-automated phenotype algorithm evaluation","Swerdel JN, Schuemie M, Murray G, Ryan PB.","J Biomed Inform. 2022 Nov;135:104177. doi: 10.1016/j.jbi.2022.104177. Epub 2022 Aug 19.","Swerdel JN","J Biomed Inform","2022","2022/08/22","","","10.1016/j.jbi.2022.104177"
"33367288","How Confident Are We about Observational Findings in Healthcare: A Benchmark Study","Schuemie MJ, Cepeda MS, Suchard MA, Yang J, Tian Y, Schuler A, Ryan PB, Madigan D, Hripcsak G.","Harv Data Sci Rev. 2020;2(1):10.1162/99608f92.147cc28e. doi: 10.1162/99608f92.147cc28e. Epub 2020 Jan 31.","Schuemie MJ","Harv Data Sci Rev","2020","2020/12/28","PMC7755157","NIHMS1651845","10.1162/99608f92.147cc28e"
"38425704","A framework for understanding an open scientific community using automated harvesting of public artifacts","Liu S, Golozar A, Buesgens N, McLeggon JA, Black A, Nagy P.","JAMIA Open. 2024 Feb 29;7(1):ooae017. doi: 10.1093/jamiaopen/ooae017. eCollection 2024 Apr.","Liu S","JAMIA Open","2024","2024/03/01","PMC10903973","","10.1093/jamiaopen/ooae017"
"30016814","MIRACUM: Medical Informatics in Research and Care in University Medicine","Prokosch HU, Acker T, Bernarding J, Binder H, Boeker M, Boerries M, Daumke P, Ganslandt T, Hesser J, Höning G, Neumaier M, Marquardt K, Renz H, Rothkötter HJ, Schade-Brittinger C, Schmücker P, Schüttler J, Sedlmayr M, Serve H, Sohrabi K, Storf H.","Methods Inf Med. 2018 Jul;57(S 01):e82-e91. doi: 10.3414/ME17-02-0025. Epub 2018 Jul 17.","Prokosch HU","Methods Inf Med","2018","2018/07/18","PMC6178200","","10.3414/ME17-02-0025"
"35810265","Hip Fracture Risk After Treatment with Tramadol or Codeine: An Observational Study","Voss EA, Ali SR, Singh A, Rijnbeek PR, Schuemie MJ, Fife D.","Drug Saf. 2022 Jul;45(7):791-807. doi: 10.1007/s40264-022-01198-9. Epub 2022 Jul 9.","Voss EA","Drug Saf","2022","2022/07/09","PMC9296392","","10.1007/s40264-022-01198-9"
"30815195","Identifying Cases of Metastatic Prostate Cancer Using Machine Learning on Electronic Health Records","Seneviratne MG, Banda JM, Brooks JD, Shah NH, Hernandez-Boussard TM.","AMIA Annu Symp Proc. 2018 Dec 5;2018:1498-1504. eCollection 2018.","Seneviratne MG","AMIA Annu Symp Proc","2018","2019/03/01","PMC6371284","",""
"39228725","Adoption of the OMOP CDM for Cancer Research using Real-world Data: Current Status and Opportunities","Wang L, Wen A, Fu S, Ruan X, Huang M, Li R, Lu Q, Williams AE, Liu H.","medRxiv [Preprint]. 2024 Aug 23:2024.08.23.24311950. doi: 10.1101/2024.08.23.24311950.","Wang L","medRxiv","2024","2024/09/04","PMC11370549","","10.1101/2024.08.23.24311950"
"37955965","Development and Validation of a Prognostic Classification Model Predicting Postoperative Adverse Outcomes in Older Surgical Patients Using a Machine Learning Algorithm: Retrospective Observational Network Study","Choi JY, Yoo S, Song W, Kim S, Baek H, Lee JS, Yoon YS, Yoon S, Lee HY, Kim KI.","J Med Internet Res. 2023 Nov 13;25:e42259. doi: 10.2196/42259.","Choi JY","J Med Internet Res","2023","2023/11/13","PMC10682929","","10.2196/42259"
"36029954","Towards quality improvement of vaccine concept mappings in the OMOP vocabulary with a semi-automated method","Abeysinghe R, Black A, Kaduk D, Li Y, Reich C, Davydov A, Yao L, Cui L.","J Biomed Inform. 2022 Oct;134:104162. doi: 10.1016/j.jbi.2022.104162. Epub 2022 Aug 25.","Abeysinghe R","J Biomed Inform","2022","2022/08/27","PMC9940475","NIHMS1870816","10.1016/j.jbi.2022.104162"
"38280887","A comparative patient-level prediction study in OMOP CDM: applicative potential and insights from synthetic data","Ahmadi N, Nguyen QV, Sedlmayr M, Wolfien M.","Sci Rep. 2024 Jan 27;14(1):2287. doi: 10.1038/s41598-024-52723-y.","Ahmadi N","Sci Rep","2024","2024/01/27","PMC10821926","","10.1038/s41598-024-52723-y"
"35680274","Large-scale evidence generation and evaluation across a network of databases for type 2 diabetes mellitus (LEGEND-T2DM): a protocol for a series of multinational, real-world comparative cardiovascular effectiveness and safety studies","Khera R, Schuemie MJ, Lu Y, Ostropolets A, Chen R, Hripcsak G, Ryan PB, Krumholz HM, Suchard MA.","BMJ Open. 2022 Jun 9;12(6):e057977. doi: 10.1136/bmjopen-2021-057977.","Khera R","BMJ Open","2022","2022/06/09","PMC9185490","","10.1136/bmjopen-2021-057977"
"37267810","Assessing the FAIRness of databases on the EHDEN portal: A case study on two Dutch ICU databases","Puttmann D, de Groot R, de Keizer N, Cornet R, Elbers PWG, Dongelmans D, Bakhshi-Raiez F; Dutch ICU Data Sharing Against COVID-19 Collaborators.","Int J Med Inform. 2023 Aug;176:105104. doi: 10.1016/j.ijmedinf.2023.105104. Epub 2023 May 27.","Puttmann D","Int J Med Inform","2023","2023/06/02","","","10.1016/j.ijmedinf.2023.105104"
"30480666","Columbia Open Health Data, clinical concept prevalence and co-occurrence from electronic health records","Ta CN, Dumontier M, Hripcsak G, Tatonetti NP, Weng C.","Sci Data. 2018 Nov 27;5:180273. doi: 10.1038/sdata.2018.273.","Ta CN","Sci Data","2018","2018/11/28","PMC6257042","","10.1038/sdata.2018.273"
"36207711","Adaptation and validation of a coding algorithm for the Charlson Comorbidity Index in administrative claims data using the SNOMED CT standardized vocabulary","Fortin SP, Reps J, Ryan P.","BMC Med Inform Decis Mak. 2022 Oct 7;22(1):261. doi: 10.1186/s12911-022-02006-1.","Fortin SP","BMC Med Inform Decis Mak","2022","2022/10/07","PMC9541054","","10.1186/s12911-022-02006-1"
"39551922","Mapping Drug Terms via Integration of a Retrieval-Augmented Generation Algorithm with a Large Language Model","Kimura E, Kawakami Y, Inoue S, Okajima A.","Healthc Inform Res. 2024 Oct;30(4):355-363. doi: 10.4258/hir.2024.30.4.355. Epub 2024 Oct 31.","Kimura E","Healthc Inform Res","2024","2024/11/17","PMC11570653","","10.4258/hir.2024.30.4.355"
"41726449","Knowledge Engineering for Medical Vocabularies Using Large Language Models","Chen HY, Ostropolets A, Weng C, Hripcsak G.","AMIA Annu Symp Proc. 2025 May 22;2024:248-256. eCollection 2024.","Chen HY","AMIA Annu Symp Proc","2025","2026/02/23","PMC12919453","",""
"29218922","Methods for examining data quality in healthcare integrated data repositories","Huser V, Kahn MG, Brown JS, Gouripeddi R.","Pac Symp Biocomput. 2018;23:628-633.","Huser V","Pac Symp Biocomput","2018","2017/12/09","","",""
"33688639","Unraveling COVID-19: a large-scale characterization of 4.5 million COVID-19 cases using CHARYBDIS","Prieto-Alhambra D, Kostka K, Duarte-Salles T, Prats-Uribe A, Sena A, Pistillo A, Khalid S, Lai L, Golozar A, Alshammari TM, Dawoud D, Nyberg F, Wilcox A, Andryc A, Williams A, Ostropolets A, Areia C, Jung CY, Harle C, Reich C, Blacketer C, Morales D, Dorr DA, Burn E, Roel E, Tan EH, Minty E, DeFalco F, de Maeztu G, Lipori G, Alghoul H, Zhu H, Thomas J, Bian J, Park J, Roldán JM, Posada J, Banda JM, Horcajada JP, Kohler J, Shah K, Natarajan K, Lynch K, Liu L, Schilling L, Recalde M, Spotnitz M, Gong M, Matheny M, Valveny N, Weiskopf N, Shah N, Alser O, Casajust P, Park RW, Schuff R, Seager S, DuVall S, You SC, Song S, Fernández-Bertolín S, Fortin S, Magoc T, Falconer T, Subbian V, Huser V, Ahmed WU, Carter W, Guan Y, Galvan Y, He X, Rijnbeek P, Hripcsak G, Ryan P, Suchard M.","Res Sq [Preprint]. 2021 Mar 1:rs.3.rs-279400. doi: 10.21203/rs.3.rs-279400/v1.","Prieto-Alhambra D","Res Sq","2021","2021/03/10","PMC7941629","","10.21203/rs.3.rs-279400/v1"
"39489875","Advancing Interpretable Regression Analysis for Binary Data: A Novel Distributed Algorithm Approach","Tong J, Li L, Reps JM, Lorman V, Jing N, Edmondson M, Lou X, Jhaveri R, Kelleher KJ, Pajor NM, Forrest CB, Bian J, Chu H, Chen Y.","Stat Med. 2024 Dec 20;43(29):5573-5582. doi: 10.1002/sim.10250. Epub 2024 Nov 3.","Tong J","Stat Med","2024","2024/11/03","PMC11588971","","10.1002/sim.10250"
"38235322","Comparing broad and narrow phenotype algorithms: differences in performance characteristics and immortal time incurred","Swerdel JN, Conover MM.","J Pharm Pharm Sci. 2024 Jan 3;26:12095. doi: 10.3389/jpps.2023.12095. eCollection 2023.","Swerdel JN","J Pharm Pharm Sci","2024","2024/01/18","PMC10791821","","10.3389/jpps.2023.12095"
"38433286","Incidence of mental health diagnoses during the COVID-19 pandemic: a multinational network study","Chai Y, Man KKC, Luo H, Torre CO, Wing YK, Hayes JF, Osborn DPJ, Chang WC, Lin X, Yin C, Chan EW, Lam ICH, Fortin S, Kern DM, Lee DY, Park RW, Jang JW, Li J, Seager S, Lau WCY, Wong ICK.","Epidemiol Psychiatr Sci. 2024 Mar 4;33:e9. doi: 10.1017/S2045796024000088.","Chai Y","Epidemiol Psychiatr Sci","2024","2024/03/03","PMC10940053","","10.1017/S2045796024000088"
"36395615","An ETL-process design for data harmonization to participate in international research with German real-world data based on FHIR and OMOP CDM","Peng Y, Henke E, Reinecke I, Zoch M, Sedlmayr M, Bathelt F.","Int J Med Inform. 2023 Jan;169:104925. doi: 10.1016/j.ijmedinf.2022.104925. Epub 2022 Nov 10.","Peng Y","Int J Med Inform","2023","2022/11/17","","","10.1016/j.ijmedinf.2022.104925"
"37860059","A computable biomedical knowledge object for calculating in-hospital mortality for patients admitted with acute myocardial infarction","Sadsad R, Ruber G, Zhou J, Nicklin S, Tsafnat G.","Learn Health Syst. 2023 Sep 11;7(4):e10388. doi: 10.1002/lrh2.10388. eCollection 2023 Oct.","Sadsad R","Learn Health Syst","2023","2023/10/20","PMC10582239","","10.1002/lrh2.10388"
"37442314","Eos and OMOCL: Towards a seamless integration of openEHR records into the OMOP Common Data Model","Kohler S, Boscá D, Kärcher F, Haarbrandt B, Prinz M, Marschollek M, Eils R.","J Biomed Inform. 2023 Aug;144:104437. doi: 10.1016/j.jbi.2023.104437. Epub 2023 Jul 12.","Kohler S","J Biomed Inform","2023","2023/07/13","","","10.1016/j.jbi.2023.104437"
"31797639","Robust-ODAL: Learning from heterogeneous health systems without sharing patient-level data","Tong J, Duan R, Li R, Scheuemie MJ, Moore JH, Chen Y.","Pac Symp Biocomput. 2020;25:695-706.","Tong J","Pac Symp Biocomput","2020","2019/12/05","PMC6905508","NIHMS1061510",""
"40124300","A dataset for mapping the Japanese drugs to RxNorm standard concepts","Kimura E, Kawakami Y, Inoue S, Okajima A.","Data Brief. 2025 Feb 21;59:111418. doi: 10.1016/j.dib.2025.111418. eCollection 2025 Apr.","Kimura E","Data Brief","2025","2025/03/24","PMC11926709","","10.1016/j.dib.2025.111418"
"39143600","How to customize common data models for rare diseases: an OMOP-based implementation and lessons learned","Ahmadi N, Zoch M, Guengoeze O, Facchinello C, Mondorf A, Stratmann K, Musleh K, Erasmus HP, Tchertov J, Gebler R, Schaaf J, Frischen LS, Nasirian A, Dai J, Henke E, Tremblay D, Srisuwananukorn A, Bornhäuser M, Röllig C, Eckardt JN, Middeke JM, Wolfien M, Sedlmayr M.","Orphanet J Rare Dis. 2024 Aug 14;19(1):298. doi: 10.1186/s13023-024-03312-9.","Ahmadi N","Orphanet J Rare Dis","2024","2024/08/14","PMC11325822","","10.1186/s13023-024-03312-9"
"25250527","Similarity-based modeling applied to signal detection in pharmacovigilance","Vilar S, Ryan PB, Madigan D, Stang PE, Schuemie MJ, Friedman C, Tatonetti NP, Hripcsak G.","CPT Pharmacometrics Syst Pharmacol. 2014 Sep 24;3(9):e137. doi: 10.1038/psp.2014.35.","Vilar S","CPT Pharmacometrics Syst Pharmacol","2014","2014/09/25","PMC4211266","","10.1038/psp.2014.35"
"37603402","Prescribing Patterns of Oral Antibiotics and Isotretinoin for Acne in a Colorado Hospital System: Retrospective Cohort Study","Adelman MJ, Sivesind TE, Weber I, Bosma G, Hochheimer C, Karimkhani C, Schilling LM, Barbieri JS, Dellavalle RP.","JMIR Dermatol. 2023 Aug 21;6:e42883. doi: 10.2196/42883.","Adelman MJ","JMIR Dermatol","2023","2023/08/21","PMC10477922","","10.2196/42883"
"33083538","Toward cross-platform electronic health record-driven phenotyping using Clinical Quality Language","Brandt PS, Kiefer RC, Pacheco JA, Adekkanattu P, Sholle ET, Ahmad FS, Xu J, Xu Z, Ancker JS, Wang F, Luo Y, Jiang G, Pathak J, Rasmussen LV.","Learn Health Syst. 2020 Jun 25;4(4):e10233. doi: 10.1002/lrh2.10233. eCollection 2020 Oct.","Brandt PS","Learn Health Syst","2020","2020/10/21","PMC7556419","","10.1002/lrh2.10233"
"37942786","Assessing the Use of German Claims Data Vocabularies for Research in the Observational Medical Outcomes Partnership Common Data Model: Development and Evaluation Study","Henke E, Zoch M, Kallfelz M, Ruhnke T, Leutner LA, Spoden M, Günster C, Sedlmayr M, Bathelt F.","JMIR Med Inform. 2023 Nov 7;11:e47959. doi: 10.2196/47959.","Henke E","JMIR Med Inform","2023","2023/11/09","PMC10653283","","10.2196/47959"
"39140273","Transforming Primary Care Data Into the Observational Medical Outcomes Partnership Common Data Model: Development and Usability Study","Fruchart M, Quindroit P, Jacquemont C, Beuscart JB, Calafiore M, Lamer A.","JMIR Med Inform. 2024 Aug 13;12:e49542. doi: 10.2196/49542.","Fruchart M","JMIR Med Inform","2024","2024/08/14","PMC11337138","","10.2196/49542"
"34930903","Predictors of diagnostic transition from major depressive disorder to bipolar disorder: a retrospective observational network study","Nestsiarovich A, Reps JM, Matheny ME, DuVall SL, Lynch KE, Beaton M, Jiang X, Spotnitz M, Pfohl SR, Shah NH, Torre CO, Reich CG, Lee DY, Son SJ, You SC, Park RW, Ryan PB, Lambert CG.","Transl Psychiatry. 2021 Dec 20;11(1):642. doi: 10.1038/s41398-021-01760-6.","Nestsiarovich A","Transl Psychiatry","2021","2021/12/21","PMC8688463","","10.1038/s41398-021-01760-6"
"35571357","Trajectories: a framework for detecting temporal clinical event sequences from health data standardized to the Observational Medical Outcomes Partnership (OMOP) Common Data Model","Künnapuu K, Ioannou S, Ligi K, Kolde R, Laur S, Vilo J, Rijnbeek PR, Reisberg S.","JAMIA Open. 2022 Mar 16;5(1):ooac021. doi: 10.1093/jamiaopen/ooac021. eCollection 2022 Apr.","Künnapuu K","JAMIA Open","2022","2022/05/16","PMC9097714","","10.1093/jamiaopen/ooac021"
"31065558","A Data Element-Function Conceptual Model for Data Quality Checks","Rogers JR, Callahan TJ, Kang T, Bauck A, Khare R, Brown JS, Kahn MG, Weng C.","EGEMS (Wash DC). 2019 Apr 23;7(1):17. doi: 10.5334/egems.289.","Rogers JR","EGEMS (Wash DC)","2019","2019/05/09","PMC6484368","","10.5334/egems.289"
"41726461","LEVERAGING EPIC'S NATIVE ETL INFRASTRUCTURE FOR OMOP CDM IMPLEMENTATION: A COLLABORATIVE EXPERIENCE","Cooper LN, Vadsariya A, Varghese M, Nayee B, Moon J, Katterapalli C, Walker C, Gonzalez C, Sohal S, Lehmann CU, Velasco F, Basit M, Willett D.","AMIA Annu Symp Proc. 2025 May 22;2024:287-292. eCollection 2024.","Cooper LN","AMIA Annu Symp Proc","2025","2026/02/23","PMC12919598","",""
"35191114","Background rates of five thrombosis with thrombocytopenia syndromes of special interest for COVID-19 vaccine safety surveillance: Incidence between 2017 and 2019 and patient profiles from 38.6 million people in six European countries","Burn E, Li X, Kostka K, Stewart HM, Reich C, Seager S, Duarte-Salles T, Fernandez-Bertolin S, Aragón M, Reyes C, Martinez-Hernandez E, Marti E, Delmestri A, Verhamme K, Rijnbeek P, Horban S, Morales DR, Prieto-Alhambra D.","Pharmacoepidemiol Drug Saf. 2022 May;31(5):495-510. doi: 10.1002/pds.5419. Epub 2022 Feb 27.","Burn E","Pharmacoepidemiol Drug Saf","2022","2022/02/22","PMC9088543","","10.1002/pds.5419"
"38222329","Mapping Clinical Documents to the Logical Observation Identifiers, Names and Codes (LOINC) Document Ontology using Electronic Health Record Systems Structured Metadata","Khan H, Mosa ASM, Paka V, Rana MKZ, Mandhadi V, Islam S, Xu H, McClay JC, Sarker S, Rao P, Waitman LR.","AMIA Annu Symp Proc. 2024 Jan 11;2023:1017-1026. eCollection 2023.","Khan H","AMIA Annu Symp Proc","2024","2024/01/15","PMC10785913","",""
"38025162","Advancing Toward a Common Data Model in Ophthalmology: Gap Analysis of General Eye Examination Concepts to Standard Observational Medical Outcomes Partnership (OMOP) Concepts","Cai CX, Halfpenny W, Boland MV, Lehmann HP, Hribar M, Goetz KE, Baxter SL.","Ophthalmol Sci. 2023 Aug 25;3(4):100391. doi: 10.1016/j.xops.2023.100391. eCollection 2023 Dec.","Cai CX","Ophthalmol Sci","2023","2023/11/29","PMC10630664","","10.1016/j.xops.2023.100391"
"31866433","Adapting electronic health records-derived phenotypes to claims data: Lessons learned in using limited clinical data for phenotyping","Ostropolets A, Reich C, Ryan P, Shang N, Hripcsak G, Weng C.","J Biomed Inform. 2020 Feb;102:103363. doi: 10.1016/j.jbi.2019.103363. Epub 2019 Dec 19.","Ostropolets A","J Biomed Inform","2020","2019/12/24","PMC7390483","NIHMS1548044","10.1016/j.jbi.2019.103363"
"33367863","Risk of depression, suicide and psychosis with hydroxychloroquine treatment for rheumatoid arthritis: a multinational network cohort study","Lane JCE, Weaver J, Kostka K, Duarte-Salles T, Abrahao MTF, Alghoul H, Alser O, Alshammari TM, Areia C, Biedermann P, Banda JM, Burn E, Casajust P, Fister K, Hardin J, Hester L, Hripcsak G, Kaas-Hansen BS, Khosla S, Kolovos S, Lynch KE, Makadia R, Mehta PP, Morales DR, Morgan-Stewart H, Mosseveld M, Newby D, Nyberg F, Ostropolets A, Woong Park R, Prats-Uribe A, Rao GA, Reich C, Rijnbeek P, Sena AG, Shoaibi A, Spotnitz M, Subbian V, Suchard MA, Vizcaya D, Wen H, Wilde M, Xie J, You SC, Zhang L, Lovestone S, Ryan P, Prieto-Alhambra D; OHDSI-COVID-19 consortium.","Rheumatology (Oxford). 2021 Jul 1;60(7):3222-3234. doi: 10.1093/rheumatology/keaa771.","Lane JCE","Rheumatology (Oxford)","2021","2020/12/28","PMC7798671","","10.1093/rheumatology/keaa771"
"29779949","Disease Heritability Inferred from Familial Relationships Reported in Medical Records","Polubriaginof FCG, Vanguri R, Quinnies K, Belbin GM, Yahi A, Salmasian H, Lorberbaum T, Nwankwo V, Li L, Shervey MM, Glowe P, Ionita-Laza I, Simmerling M, Hripcsak G, Bakken S, Goldstein D, Kiryluk K, Kenny EE, Dudley J, Vawdrey DK, Tatonetti NP.","Cell. 2018 Jun 14;173(7):1692-1704.e11. doi: 10.1016/j.cell.2018.04.032. Epub 2018 May 17.","Polubriaginof FCG","Cell","2018","2018/05/22","PMC6015747","NIHMS969055","10.1016/j.cell.2018.04.032"
"41631168","Comorbidities, medication use, and overall survival in eight cancers: a multinational cohort study of 1.7 million patients across Europe","López-Sánchez I, Palomar-Cros A, Claire R, Pérez-Crespo L, Giuliodori A, Koblbauer I, Dietz J, Elvidge J, Koh J, Golozar A, Ramirez-Anguita JM, Leis A, Mayer MA, Symmers N, Vallet M, McLean C, Hall PS, Mosseveld M, Verhamme K, Enerly E, Prinsen P, Evers J, Oja M, Kolde R, Marcos-Gragera R, Fey E, Porkka K, Taveira-Gomes T, Estevinho F, Conde AM, Conde JM, Sanchez CM, Fournier E, Pistillo A, Chen X, Corby G, Robinson A, Sanchez-Santos MT, Delmestri A, Man WY, Català M, Alcalde-Herraiz M, Burn E, Prieto-Alhambra D, Duarte-Salles T, Newby D.","Lancet Reg Health Eur. 2026 Jan 22;63:101585. doi: 10.1016/j.lanepe.2025.101585. eCollection 2026 Apr.","López-Sánchez I","Lancet Reg Health Eur","2026","2026/02/03","PMC12861212","","10.1016/j.lanepe.2025.101585"
"35589549","Identifying who has long COVID in the USA: a machine learning approach using N3C data","Pfaff ER, Girvin AT, Bennett TD, Bhatia A, Brooks IM, Deer RR, Dekermanjian JP, Jolley SE, Kahn MG, Kostka K, McMurry JA, Moffitt R, Walden A, Chute CG, Haendel MA; N3C Consortium.","Lancet Digit Health. 2022 Jul;4(7):e532-e541. doi: 10.1016/S2589-7500(22)00048-6. Epub 2022 May 16.","Pfaff ER","Lancet Digit Health","2022","2022/05/19","PMC9110014","","10.1016/S2589-7500(22)00048-6"
"39486857","Disparities in Time to Diagnosis of Radiographic Axial Spondyloarthritis","Ferrandiz-Espadin R, Rabasa G, Gasman S, McGinley B, Stovall R, Jafarzadeh SR, Liew JW, Dubreuil M.","J Rheumatol. 2025 Apr 1;52(4):344-351. doi: 10.3899/jrheum.2024-0574.","Ferrandiz-Espadin R","J Rheumatol","2025","2024/11/01","PMC11961325","NIHMS2031733","10.3899/jrheum.2024-0574"
"35631157","Opportunities of Digital Infrastructures for Disease Management-Exemplified on COVID-19-Related Change in Diagnosis Counts for Diabetes-Related Eye Diseases","Bathelt F, Reinecke I, Peng Y, Henke E, Weidner J, Bartos M, Gött R, Waltemath D, Engelmann K, Schwarz PE, Sedlmayr M.","Nutrients. 2022 May 11;14(10):2016. doi: 10.3390/nu14102016.","Bathelt F","Nutrients","2022","2022/05/28","PMC9147678","","10.3390/nu14102016"
"31369862","PheValuator: Development and evaluation of a phenotype algorithm evaluator","Swerdel JN, Hripcsak G, Ryan PB.","J Biomed Inform. 2019 Sep;97:103258. doi: 10.1016/j.jbi.2019.103258. Epub 2019 Jul 29.","Swerdel JN","J Biomed Inform","2019","2019/08/02","PMC7736922","NIHMS1651855","10.1016/j.jbi.2019.103258"
"38893186","Transforming a Large-Scale Prostate Cancer Outcomes Dataset to the OMOP Common Data Model-Experiences from a Scientific Data Holder's Perspective","Sibert NT, Soff J, La Ferla S, Quaranta M, Kremer A, Kowalski C.","Cancers (Basel). 2024 May 30;16(11):2069. doi: 10.3390/cancers16112069.","Sibert NT","Cancers (Basel)","2024","2024/06/19","PMC11171220","","10.3390/cancers16112069"
"40467833","Large-scale Empirical Identification of Candidate Comparators for Pharmacoepidemiological Studies","Bohn J, Gilbert JP, Knoll C, Kern DM, Ryan PB.","Drug Saf. 2025 Nov;48(11):1229-1241. doi: 10.1007/s40264-025-01569-y. Epub 2025 Jun 4.","Bohn J","Drug Saf","2025","2025/06/04","PMC12515211","","10.1007/s40264-025-01569-y"
"40791563","Mapping and Harmonization of CVX vaccine terms to the Vaccine Ontology","Pan Y, Manuel W, Abeysinghe R, Zheng J, Davydov A, Yang Q, Lin AY, Cui L, He YO.","bioRxiv [Preprint]. 2025 Jul 18:2025.07.15.664501. doi: 10.1101/2025.07.15.664501.","Pan Y","bioRxiv","2025","2025/08/12","PMC12338626","","10.1101/2025.07.15.664501"
"40496104","Reductions in Blood Lead Level Screening During Peak COVID-19 Restrictions and Beyond","McCarthy ML, Bradenday J, Chen E, Zonfrillo MR, Sarkar IN.","Public Health Chall. 2025 Feb 25;4(1):e70021. doi: 10.1002/puh2.70021. eCollection 2025 Mar.","McCarthy ML","Public Health Chall","2025","2025/06/11","PMC12039357","","10.1002/puh2.70021"
"38635655","The OMOP common data model in Australian primary care data: Building a quality research ready harmonised dataset","Ward R, Hallinan CM, Ormiston-Smith D, Chidgey C, Boyle D.","PLoS One. 2024 Apr 18;19(4):e0301557. doi: 10.1371/journal.pone.0301557. eCollection 2024.","Ward R","PLoS One","2024","2024/04/18","PMC11025850","","10.1371/journal.pone.0301557"
"35570298","NSAID use and clinical outcomes in COVID-19 patients: a 38-center retrospective cohort study","Reese JT, Coleman B, Chan L, Blau H, Callahan TJ, Cappelletti L, Fontana T, Bradwell KR, Harris NL, Casiraghi E, Valentini G, Karlebach G, Deer R, McMurry JA, Haendel MA, Chute CG, Pfaff E, Moffitt R, Spratt H, Singh JA, Mungall CJ, Williams AE, Robinson PN.","Virol J. 2022 May 15;19(1):84. doi: 10.1186/s12985-022-01813-2.","Reese JT","Virol J","2022","2022/05/15","PMC9107579","","10.1186/s12985-022-01813-2"
"35786634","Methodological Issues in Using a Common Data Model of COVID-19 Vaccine Uptake and Important Adverse Events of Interest: Feasibility Study of Data and Connectivity COVID-19 Vaccines Pharmacovigilance in the United Kingdom","Delanerolle G, Williams R, Stipancic A, Byford R, Forbes A, Tsang RSM, Anand SN, Bradley D, Murphy S, Akbari A, Bedston S, Lyons RA, Owen R, Torabi F, Beggs J, Chuter A, Balharry D, Joy M, Sheikh A, Hobbs FDR, de Lusignan S.","JMIR Form Res. 2022 Aug 22;6(8):e37821. doi: 10.2196/37821.","Delanerolle G","JMIR Form Res","2022","2022/07/05","PMC9400842","","10.2196/37821"
"30082302","Improving reproducibility by using high-throughput observational studies with empirical calibration","Schuemie MJ, Ryan PB, Hripcsak G, Madigan D, Suchard MA.","Philos Trans A Math Phys Eng Sci. 2018 Sep 13;376(2128):20170356. doi: 10.1098/rsta.2017.0356.","Schuemie MJ","Philos Trans A Math Phys Eng Sci","2018","2018/08/08","PMC6107542","","10.1098/rsta.2017.0356"
"38519026","Similar Risk of Kidney Failure among Patients with Blinding Diseases Who Receive Ranibizumab, Aflibercept, and Bevacizumab: An Observational Health Data Sciences and Informatics Network Study","Cai CX, Nishimura A, Bowring MG, Westlund E, Tran D, Ng JH, Nagy P, Cook M, McLeggon JA, DuVall SL, Matheny ME, Golozar A, Ostropolets A, Minty E, Desai P, Bu F, Toy B, Hribar M, Falconer T, Zhang L, Lawrence-Archer L, Boland MV, Goetz K, Hall N, Shoaibi A, Reps J, Sena AG, Blacketer C, Swerdel J, Jhaveri KD, Lee E, Gilbert Z, Zeger SL, Crews DC, Suchard MA, Hripcsak G, Ryan PB.","Ophthalmol Retina. 2024 Aug;8(8):733-743. doi: 10.1016/j.oret.2024.03.014. Epub 2024 Mar 20.","Cai CX","Ophthalmol Retina","2024","2024/03/22","PMC11298306","NIHMS1981458","10.1016/j.oret.2024.03.014"
"34870731","90-Day all-cause mortality can be predicted following a total knee replacement: an international, network study to develop and validate a prediction model","Williams RD, Reps JM; OHDSI/EHDEN Knee Arthroplasty Group; Rijnbeek PR, Ryan PB, Prieto-Alhambra D.","Knee Surg Sports Traumatol Arthrosc. 2022 Sep;30(9):3068-3075. doi: 10.1007/s00167-021-06799-y. Epub 2021 Dec 6.","Williams RD","Knee Surg Sports Traumatol Arthrosc","2022","2021/12/06","PMC9418076","","10.1007/s00167-021-06799-y"
"34287211","Evaluation of Three Feasibility Tools for Identifying Patient Data and Biospecimen Availability: Comparative Usability Study","Schüttler C, Prokosch HU, Sedlmayr M, Sedlmayr B.","JMIR Med Inform. 2021 Jul 21;9(7):e25531. doi: 10.2196/25531.","Schüttler C","JMIR Med Inform","2021","2021/07/21","PMC8339981","","10.2196/25531"
"39185338","Getting ready for the European Health Data Space (EHDS): IDERHA's plan to align with the latest EHDS requirements for the secondary use of health data","Hussein R, Balaur I, Burmann A, Ćwiek-Kupczyńska H, Gadiya Y, Ghosh S, Jayathissa P, Katsch F, Kremer A, Lähteenmäki J, Meng Z, Morasek K, C Rancourt R, Satagopam V, Sauermann S, Scheider S, Stamm T, Muehlendyck C, Gribbon P.","Open Res Eur. 2024 Jul 30;4:160. doi: 10.12688/openreseurope.18179.1. eCollection 2024.","Hussein R","Open Res Eur","2024","2024/08/26","PMC11342032","","10.12688/openreseurope.18179.1"
"37952118","European Health Data & Evidence Network-learnings from building out a standardized international health data network","Voss EA, Blacketer C, van Sandijk S, Moinat M, Kallfelz M, van Speybroeck M, Prieto-Alhambra D, Schuemie MJ, Rijnbeek PR.","J Am Med Inform Assoc. 2023 Dec 22;31(1):209-219. doi: 10.1093/jamia/ocad214.","Voss EA","J Am Med Inform Assoc","2023","2023/11/12","PMC10746315","","10.1093/jamia/ocad214"
"39973032","Utility of Treatment Pattern Analysis Using a Common Data Model: A Scoping Review","Park EG, Kim MJ, Kim J, Shin K, Ryu B.","Healthc Inform Res. 2025 Jan;31(1):4-15. doi: 10.4258/hir.2025.31.1.4. Epub 2025 Jan 31.","Park EG","Healthc Inform Res","2025","2025/02/20","PMC11854637","","10.4258/hir.2025.31.1.4"
"33725121","COVID-19 in patients with autoimmune diseases: characteristics and outcomes in a multinational network of cohorts across three countries","Tan EH, Sena AG, Prats-Uribe A, You SC, Ahmed WU, Kostka K, Reich C, Duvall SL, Lynch KE, Matheny ME, Duarte-Salles T, Bertolin SF, Hripcsak G, Natarajan K, Falconer T, Spotnitz M, Ostropolets A, Blacketer C, Alshammari TM, Alghoul H, Alser O, Lane JCE, Dawoud DM, Shah K, Yang Y, Zhang L, Areia C, Golozar A, Recalde M, Casajust P, Jonnagaddala J, Subbian V, Vizcaya D, Lai LYH, Nyberg F, Morales DR, Posada JD, Shah NH, Gong M, Vivekanantham A, Abend A, Minty EP, Suchard M, Rijnbeek P, Ryan PB, Prieto-Alhambra D.","Rheumatology (Oxford). 2021 Oct 9;60(SI):SI37-SI50. doi: 10.1093/rheumatology/keab250.","Tan EH","Rheumatology (Oxford)","2021","2021/03/16","PMC7989171","","10.1093/rheumatology/keab250"
"32374408","Development and validation of phenotype classifiers across multiple sites in the observational health data sciences and informatics network","Kashyap M, Seneviratne M, Banda JM, Falconer T, Ryu B, Yoo S, Hripcsak G, Shah NH.","J Am Med Inform Assoc. 2020 Jun 1;27(6):877-883. doi: 10.1093/jamia/ocaa032.","Kashyap M","J Am Med Inform Assoc","2020","2020/05/07","PMC7309227","","10.1093/jamia/ocaa032"
"38365848","Effectiveness of IT-supported patient recruitment: study protocol for an interrupted time series study at ten German university hospitals","Boeker M, Zöller D, Blasini R, Macho P, Helfer S, Behrens M, Prokosch HU, Gulden C.","Trials. 2024 Feb 16;25(1):125. doi: 10.1186/s13063-024-07918-z.","Boeker M","Trials","2024","2024/02/16","PMC10870691","","10.1186/s13063-024-07918-z"
"28154833","Multisite Evaluation of a Data Quality Tool for Patient-Level Clinical Data Sets","Huser V, DeFalco FJ, Schuemie M, Ryan PB, Shang N, Velez M, Park RW, Boyce RD, Duke J, Khare R, Utidjian L, Bailey C.","EGEMS (Wash DC). 2016 Nov 30;4(1):1239. doi: 10.13063/2327-9214.1239. eCollection 2016.","Huser V","EGEMS (Wash DC)","2016","2017/02/04","PMC5226382","","10.13063/2327-9214.1239"
"26041386","Birth month affects lifetime disease risk: a phenome-wide method","Boland MR, Shahn Z, Madigan D, Hripcsak G, Tatonetti NP.","J Am Med Inform Assoc. 2015 Sep;22(5):1042-53. doi: 10.1093/jamia/ocv046. Epub 2015 Jun 2.","Boland MR","J Am Med Inform Assoc","2015","2015/06/05","PMC4986668","","10.1093/jamia/ocv046"
"39789235","Standardized patient profile review using large language models for case adjudication in observational research","Schuemie MJ, Ostropolets A, Zhuk A, Korsik U, Seo SI, Suchard MA, Hripcsak G, Ryan PB.","NPJ Digit Med. 2025 Jan 9;8(1):18. doi: 10.1038/s41746-025-01433-4.","Schuemie MJ","NPJ Digit Med","2025","2025/01/09","PMC11718233","","10.1038/s41746-025-01433-4"
"30421323","Analysis of treatment pathways for three chronic diseases using OMOP CDM","Zhang X, Wang L, Miao S, Xu H, Yin Y, Zhu Y, Dai Z, Shan T, Jing S, Wang J, Zhang X, Huang Z, Wang Z, Guo J, Liu Y.","J Med Syst. 2018 Nov 13;42(12):260. doi: 10.1007/s10916-018-1076-5.","Zhang X","J Med Syst","2018","2018/11/14","PMC6244882","","10.1007/s10916-018-1076-5"
"36563487","Generalisable long COVID subtypes: findings from the NIH N3C and RECOVER programmes","Reese JT, Blau H, Casiraghi E, Bergquist T, Loomba JJ, Callahan TJ, Laraway B, Antonescu C, Coleman B, Gargano M, Wilkins KJ, Cappelletti L, Fontana T, Ammar N, Antony B, Murali TM, Caufield JH, Karlebach G, McMurry JA, Williams A, Moffitt R, Banerjee J, Solomonides AE, Davis H, Kostka K, Valentini G, Sahner D, Chute CG, Madlock-Brown C, Haendel MA, Robinson PN; N3C Consortium; RECOVER Consortium.","EBioMedicine. 2023 Jan;87:104413. doi: 10.1016/j.ebiom.2022.104413. Epub 2022 Dec 21.","Reese JT","EBioMedicine","2023","2022/12/23","PMC9769411","","10.1016/j.ebiom.2022.104413"
"37409312","Characteristics and treatment pathways in pediatric and adult hidradenitis suppurativa: An examination using real world data","Hardin J, Makadia R, Black S, Lara-Corrales I, Diaz LZ, Kirby JS, DeKlotz CMC.","JAAD Int. 2023 May 30;12:124-132. doi: 10.1016/j.jdin.2023.05.011. eCollection 2023 Sep.","Hardin J","JAAD Int","2023","2023/07/06","PMC10319301","","10.1016/j.jdin.2023.05.011"
"32477631","Comparative Analysis and Evaluation of State-of-the-Art Medication Mapping Tools to Transform a Local Medication Terminology to RxNorm","Davidson L, Boland MR.","AMIA Jt Summits Transl Sci Proc. 2020 May 30;2020:126-135. eCollection 2020.","Davidson L","AMIA Jt Summits Transl Sci Proc","2020","2020/06/02","PMC7233099","",""
"27600407","GIST 2.0: A scalable multi-trait metric for quantifying population representativeness of individual clinical studies","Sen A, Chakrabarti S, Goldstein A, Wang S, Ryan PB, Weng C.","J Biomed Inform. 2016 Oct;63:325-336. doi: 10.1016/j.jbi.2016.09.003. Epub 2016 Sep 4.","Sen A","J Biomed Inform","2016","2016/09/08","PMC5077682","NIHMS817522","10.1016/j.jbi.2016.09.003"
"24985530","Bridging islands of information to establish an integrated knowledge base of drugs and health outcomes of interest","Boyce RD, Ryan PB, Norén GN, Schuemie MJ, Reich C, Duke J, Tatonetti NP, Trifirò G, Harpaz R, Overhage JM, Hartzema AG, Khayter M, Voss EA, Lambert CG, Huser V, Dumontier M.","Drug Saf. 2014 Aug;37(8):557-67. doi: 10.1007/s40264-014-0189-0.","Boyce RD","Drug Saf","2014","2014/07/03","PMC4134480","","10.1007/s40264-014-0189-0"
"31596493","Feasibility of Using Real-World Data to Replicate Clinical Trial Evidence","Bartlett VL, Dhruva SS, Shah ND, Ryan P, Ross JS.","JAMA Netw Open. 2019 Oct 2;2(10):e1912869. doi: 10.1001/jamanetworkopen.2019.12869.","Bartlett VL","JAMA Netw Open","2019","2019/10/10","PMC6802419","","10.1001/jamanetworkopen.2019.12869"
"41166331","Kineret: Israel's Largest Hospital Network Transformed into the OMOP common data model for collaborative research","Rappoport N, Livne G, Perry Cohen N, Makover N, Eshel-Geva H, Kapach H, Hadad T, Alon Y, Rubin R, Chai S, da Villa S, Hochman O.","PLoS One. 2025 Oct 30;20(10):e0334848. doi: 10.1371/journal.pone.0334848. eCollection 2025.","Rappoport N","PLoS One","2025","2025/10/30","PMC12574879","","10.1371/journal.pone.0334848"
"34590684","Synergies between centralized and federated approaches to data quality: a report from the national COVID cohort collaborative","Pfaff ER, Girvin AT, Gabriel DL, Kostka K, Morris M, Palchuk MB, Lehmann HP, Amor B, Bissell M, Bradwell KR, Gold S, Hong SS, Loomba J, Manna A, McMurry JA, Niehaus E, Qureshi N, Walden A, Zhang XT, Zhu RL, Moffitt RA, Haendel MA, Chute CG; N3C Consortium; Adams WG, Al-Shukri S, Anzalone A, Baghal A, Bennett TD, Bernstam EV, Bernstam EV, Bissell MM, Bush B, Campion TR, Castro V, Chang J, Chaudhari DD, Chen W, Chu S, Cimino JJ, Crandall KA, Crooks M, Davies SJD, DiPalazzo J, Dorr D, Eckrich D, Eltinge SE, Fort DG, Golovko G, Gupta S, Haendel MA, Hajagos JG, Hanauer DA, Harnett BM, Horswell R, Huang N, Johnson SG, Kahn M, Khanipov K, Kieler C, Luzuriaga KR, Maidlow S, Martinez A, Mathew J, McClay JC, McMahan G, Melancon B, Meystre S, Miele L, Morizono H, Pablo R, Patel L, Phuong J, Popham DJ, Pulgarin C, Santos C, Sarkar IN, Sazo N, Setoguchi S, Soby S, Surampalli S, Suver C, Vangala UMR, Visweswaran S, Oehsen JV, Walters KM, Wiley L, Williams DA, Zai A.","J Am Med Inform Assoc. 2022 Mar 15;29(4):609-618. doi: 10.1093/jamia/ocab217.","Pfaff ER","J Am Med Inform Assoc","2022","2021/09/30","PMC8500110","","10.1093/jamia/ocab217"
"33024121","Deep phenotyping of 34,128 adult patients hospitalised with COVID-19 in an international network study","Burn E, You SC, Sena AG, Kostka K, Abedtash H, Abrahão MTF, Alberga A, Alghoul H, Alser O, Alshammari TM, Aragon M, Areia C, Banda JM, Cho J, Culhane AC, Davydov A, DeFalco FJ, Duarte-Salles T, DuVall S, Falconer T, Fernandez-Bertolin S, Gao W, Golozar A, Hardin J, Hripcsak G, Huser V, Jeon H, Jing Y, Jung CY, Kaas-Hansen BS, Kaduk D, Kent S, Kim Y, Kolovos S, Lane JCE, Lee H, Lynch KE, Makadia R, Matheny ME, Mehta PP, Morales DR, Natarajan K, Nyberg F, Ostropolets A, Park RW, Park J, Posada JD, Prats-Uribe A, Rao G, Reich C, Rho Y, Rijnbeek P, Schilling LM, Schuemie M, Shah NH, Shoaibi A, Song S, Spotnitz M, Suchard MA, Swerdel JN, Vizcaya D, Volpe S, Wen H, Williams AE, Yimer BB, Zhang L, Zhuk O, Prieto-Alhambra D, Ryan P.","Nat Commun. 2020 Oct 6;11(1):5009. doi: 10.1038/s41467-020-18849-z.","Burn E","Nat Commun","2020","2020/10/07","PMC7538555","","10.1038/s41467-020-18849-z"
"34560604","A standardized analytics pipeline for reliable and rapid development and validation of prediction models using observational health data","Khalid S, Yang C, Blacketer C, Duarte-Salles T, Fernández-Bertolín S, Kim C, Park RW, Park J, Schuemie MJ, Sena AG, Suchard MA, You SC, Rijnbeek PR, Reps JM.","Comput Methods Programs Biomed. 2021 Nov;211:106394. doi: 10.1016/j.cmpb.2021.106394. Epub 2021 Sep 6.","Khalid S","Comput Methods Programs Biomed","2021","2021/09/24","PMC8420135","","10.1016/j.cmpb.2021.106394"
"32293578","Effect of Age on the Initiation of Biologic Agent Therapy in Patients With Inflammatory Bowel Disease: Korean Common Data Model Cohort Study","Choi YI, Kim YJ, Chung JW, Kim KO, Kim H, Park RW, Park DK.","JMIR Med Inform. 2020 Apr 15;8(4):e15124. doi: 10.2196/15124.","Choi YI","JMIR Med Inform","2020","2020/04/16","PMC7191339","","10.2196/15124"
"39761272","ETL: From the German Health Data Lab data formats to the OMOP Common Data Model","Finster M, Moinat M, Taghizadeh E.","PLoS One. 2025 Jan 6;20(1):e0311511. doi: 10.1371/journal.pone.0311511. eCollection 2025.","Finster M","PLoS One","2025","2025/01/06","PMC11703056","","10.1371/journal.pone.0311511"
"37724311","Transforming the Information System for Research in Primary Care (SIDIAP) in Catalonia to the OMOP Common Data Model and Its Use for COVID-19 Research","Raventós B, Fernández-Bertolín S, Aragón M, Voss EA, Blacketer C, Méndez-Boo L, Recalde M, Roel E, Pistillo A, Reyes C, van Sandijk S, Halvorsen L, Rijnbeek PR, Burn E, Duarte-Salles T.","Clin Epidemiol. 2023 Sep 13;15:969-986. doi: 10.2147/CLEP.S419481. eCollection 2023.","Raventós B","Clin Epidemiol","2023","2023/09/19","PMC10505380","","10.2147/CLEP.S419481"
"38028730","Evaluating the impact of alternative phenotype definitions on incidence rates across a global data network","Makadia R, Shoaibi A, Rao GA, Ostropolets A, Rijnbeek PR, Voss EA, Duarte-Salles T, Ramírez-Anguita JM, Mayer MA, Maljković F, Denaxas S, Nyberg F, Papez V, Sena AG, Alshammari TM, Lai LYH, Haynes K, Suchard MA, Hripcsak G, Ryan PB.","JAMIA Open. 2023 Nov 21;6(4):ooad096. doi: 10.1093/jamiaopen/ooad096. eCollection 2023 Dec.","Makadia R","JAMIA Open","2023","2023/11/29","PMC10662662","","10.1093/jamiaopen/ooad096"
"32530430","Detecting and Filtering Immune-Related Adverse Events Signal Based on Text Mining and Observational Health Data Sciences and Informatics Common Data Model: Framework Development Study","Yu Y, Ruddy K, Mansfield A, Zong N, Wen A, Tsuji S, Huang M, Liu H, Shah N, Jiang G.","JMIR Med Inform. 2020 Jun 12;8(6):e17353. doi: 10.2196/17353.","Yu Y","JMIR Med Inform","2020","2020/06/13","PMC7320306","","10.2196/17353"
"33975825","Use of repurposed and adjuvant drugs in hospital patients with covid-19: multinational network cohort study","Prats-Uribe A, Sena AG, Lai LYH, Ahmed WU, Alghoul H, Alser O, Alshammari TM, Areia C, Carter W, Casajust P, Dawoud D, Golozar A, Jonnagaddala J, Mehta PP, Gong M, Morales DR, Nyberg F, Posada JD, Recalde M, Roel E, Shah K, Shah NH, Schilling LM, Subbian V, Vizcaya D, Zhang L, Zhang Y, Zhu H, Liu L, Cho J, Lynch KE, Matheny ME, You SC, Rijnbeek PR, Hripcsak G, Lane JC, Burn E, Reich C, Suchard MA, Duarte-Salles T, Kostka K, Ryan PB, Prieto-Alhambra D.","BMJ. 2021 May 11;373:n1038. doi: 10.1136/bmj.n1038.","Prats-Uribe A","BMJ","2021","2021/05/12","PMC8111167","","10.1136/bmj.n1038"
"30172760","Methodological variations in lagged regression for detecting physiologic drug effects in EHR data","Levine ME, Albers DJ, Hripcsak G.","J Biomed Inform. 2018 Oct;86:149-159. doi: 10.1016/j.jbi.2018.08.014. Epub 2018 Aug 30.","Levine ME","J Biomed Inform","2018","2018/09/03","PMC6207533","NIHMS1507969","10.1016/j.jbi.2018.08.014"
"29531023","Empirical confidence interval calibration for population-level effect estimation studies in observational healthcare data","Schuemie MJ, Hripcsak G, Ryan PB, Madigan D, Suchard MA.","Proc Natl Acad Sci U S A. 2018 Mar 13;115(11):2571-2577. doi: 10.1073/pnas.1708282114.","Schuemie MJ","Proc Natl Acad Sci U S A","2018","2018/03/14","PMC5856503","","10.1073/pnas.1708282114"
"30937326","Learning to Share Health Care Data: A Brief Timeline of Influential Common Data Models and Distributed Health Data Networks in U.S. Health Care Research","Weeks J, Pardee R.","EGEMS (Wash DC). 2019 Mar 25;7(1):4. doi: 10.5334/egems.279.","Weeks J","EGEMS (Wash DC)","2019","2019/04/03","PMC6437693","","10.5334/egems.279"
"35094685","Seek COVER: using a disease proxy to rapidly develop and validate a personalized risk calculator for COVID-19 outcomes in an international network","Williams RD, Markus AF, Yang C, Duarte-Salles T, DuVall SL, Falconer T, Jonnagaddala J, Kim C, Rho Y, Williams AE, Machado AA, An MH, Aragón M, Areia C, Burn E, Choi YH, Drakos I, Abrahão MTF, Fernández-Bertolín S, Hripcsak G, Kaas-Hansen BS, Kandukuri PL, Kors JA, Kostka K, Liaw ST, Lynch KE, Machnicki G, Matheny ME, Morales D, Nyberg F, Park RW, Prats-Uribe A, Pratt N, Rao G, Reich CG, Rivera M, Seinen T, Shoaibi A, Spotnitz ME, Steyerberg EW, Suchard MA, You SC, Zhang L, Zhou L, Ryan PB, Prieto-Alhambra D, Reps JM, Rijnbeek PR.","BMC Med Res Methodol. 2022 Jan 30;22(1):35. doi: 10.1186/s12874-022-01505-z.","Williams RD","BMC Med Res Methodol","2022","2022/01/31","PMC8801189","","10.1186/s12874-022-01505-z"
"33661754","Implementation of the COVID-19 Vulnerability Index Across an International Network of Health Care Data Sets: Collaborative External Validation Study","Reps JM, Kim C, Williams RD, Markus AF, Yang C, Duarte-Salles T, Falconer T, Jonnagaddala J, Williams A, Fernández-Bertolín S, DuVall SL, Kostka K, Rao G, Shoaibi A, Ostropolets A, Spotnitz ME, Zhang L, Casajust P, Steyerberg EW, Nyberg F, Kaas-Hansen BS, Choi YH, Morales D, Liaw ST, Abrahão MTF, Areia C, Matheny ME, Lynch KE, Aragón M, Park RW, Hripcsak G, Reich CG, Suchard MA, You SC, Ryan PB, Prieto-Alhambra D, Rijnbeek PR.","JMIR Med Inform. 2021 Apr 5;9(4):e21547. doi: 10.2196/21547.","Reps JM","JMIR Med Inform","2021","2021/03/04","PMC8023380","","10.2196/21547"
"32399991","Nintedanib and ischemic colitis: Signal assessment with the integrated use of two types of real-world evidence, spontaneous reports of suspected adverse drug reactions, and observational data from large health-care databases","Chandler RE.","Pharmacoepidemiol Drug Saf. 2020 Aug;29(8):951-957. doi: 10.1002/pds.5022. Epub 2020 May 12.","Chandler RE","Pharmacoepidemiol Drug Saf","2020","2020/05/14","PMC7496543","","10.1002/pds.5022"
"30646124","Association of Hemoglobin A1c Levels With Use of Sulfonylureas, Dipeptidyl Peptidase 4 Inhibitors, and Thiazolidinediones in Patients With Type 2 Diabetes Treated With Metformin: Analysis From the Observational Health Data Sciences and Informatics Initiative","Vashisht R, Jung K, Schuler A, Banda JM, Park RW, Jin S, Li L, Dudley JT, Johnson KW, Shervey MM, Xu H, Wu Y, Natrajan K, Hripcsak G, Jin P, Van Zandt M, Reckard A, Reich CG, Weaver J, Schuemie MJ, Ryan PB, Callahan A, Shah NH.","JAMA Netw Open. 2018 Aug 3;1(4):e181755. doi: 10.1001/jamanetworkopen.2018.1755.","Vashisht R","JAMA Netw Open","2018","2019/01/16","PMC6324274","","10.1001/jamanetworkopen.2018.1755"
"40997135","Enhancing adverse drug reaction data quality in Canada: A high-precision pipeline for medication name standardization and enrichment","Chalabianloo N, Abdullah SS, Omrani MA, Jafari A, Sedig K, Muanda FT.","PLoS One. 2025 Sep 25;20(9):e0331940. doi: 10.1371/journal.pone.0331940. eCollection 2025.","Chalabianloo N","PLoS One","2025","2025/09/25","PMC12463261","","10.1371/journal.pone.0331940"
"41300987","Association Between the Use of DPP4 Inhibitors and Metformin and the Risk of Cancer in Patients with Type 2 Diabetes: A Multicenter Retrospective Cohort Study Using the OMOP CDM Database","Kim GL, Yi YH, Lee JG, Tak YJ, Lee SH, Ra YJ, Choi BK, Lee SY, Cho YH, Park EJ, Lee Y, Choi JI, Lee SR, Kwon RJ, Son SM.","Cancers (Basel). 2025 Nov 10;17(22):3620. doi: 10.3390/cancers17223620.","Kim GL","Cancers (Basel)","2025","2025/11/27","PMC12650375","","10.3390/cancers17223620"
"41646216","Establishing standards: harmonising coding principles for a minimal cancer dataset in the OMOP Common Data Model","Ajmal A, Bouissou O, Brash J, Cheeseman S, Banduge PG, Gomes AL, Revie L, Ross E, Theophanous S, Thonnard J, Van Maanen A, Vengadeswaran A, Wolf A, Fernandez XM.","ESMO Real World Data Digit Oncol. 2025 Sep 8;9:100179. doi: 10.1016/j.esmorw.2025.100179. eCollection 2025 Sep.","Ajmal A","ESMO Real World Data Digit Oncol","2025","2026/02/06","PMC12836509","","10.1016/j.esmorw.2025.100179"
"31386904","Supplementing claims data analysis using self-reported data to develop a probabilistic phenotype model for current smoking status","Reps JM, Rijnbeek PR, Ryan PB.","J Biomed Inform. 2019 Sep;97:103264. doi: 10.1016/j.jbi.2019.103264. Epub 2019 Aug 3.","Reps JM","J Biomed Inform","2019","2019/08/07","","","10.1016/j.jbi.2019.103264"
"31054141","Identifying the DEAD: Development and Validation of a Patient-Level Model to Predict Death Status in Population-Level Claims Data","Reps JM, Rijnbeek PR, Ryan PB.","Drug Saf. 2019 Nov;42(11):1377-1386. doi: 10.1007/s40264-019-00827-0.","Reps JM","Drug Saf","2019","2019/05/05","PMC6834730","","10.1007/s40264-019-00827-0"
"38572301","Research Protocol for an Observational Health Data Analysis on the Adverse Events of Systemic Treatment in Patients with Metastatic Hormone-sensitive Prostate Cancer: Big Data Analytics Using the PIONEER Platform","Rajwa P, Borkowetz A, Abbott T, Alberti A, Bjartell A, Brash JT, Campi R, Chilelli A, Conover M, Constantinovici N, Davies E, De Meulder B, Eid S, Gacci M, Golozar A, Hafeez H, Haque S, Hijazy A, Hulsen T, Josefsson A, Khalid S, Kolde R, Kotik D, Kurki S, Lambrecht M, Leung CH, Moreno J, Nicoletti R, Nieboer D, Oja M, Palanisamy S, Prinsen P, Reich C, Raffaele Resta G, Ribal MJ, Gómez Rivas J, Smith E, Snijder R, Steinbeisser C, Vandenberghe F, Cornford P, Evans-Axelsson S, N'Dow J, Willemse PM.","Eur Urol Open Sci. 2024 Mar 25;63:81-88. doi: 10.1016/j.euros.2024.02.019. eCollection 2024 May.","Rajwa P","Eur Urol Open Sci","2024","2024/04/04","PMC10987796","","10.1016/j.euros.2024.02.019"
"38854711","Research protocol for an observational health data analysis to assess the applicability of randomized controlled trials focusing on newly diagnosed metastatic prostate cancer using real-world data: PIONEER IMI's ""big data for better outcomes"" program","Gandaglia G, Pellegrino F, De Meulder B, Hijazy A, Abbott T, Golozar A, Nicoletti R, Gomez-Rivas J, Steinbeisser C, Evans-Axelsson S, Briganti A, N'Dow J.","Int J Surg Protoc. 2024 Apr 15;28(2):64-72. doi: 10.1097/SP9.0000000000000024. eCollection 2024 Jun.","Gandaglia G","Int J Surg Protoc","2024","2024/06/10","PMC11161292","","10.1097/SP9.0000000000000024"
"40115485","Baseline characteristics and clinical outcomes of prostate cancer patients on delayed palliative management: a PIONEER analysis based on big data","Lai LY, Sakalis V, Chatzichristos C, de la Parra I, Steinbeisser C, Golozar A, de Meulder B, Hijazy A, Snijder R, Feng Q, Falconer T, Cornford P, Bjartell A, Evans-Axelsson S, N'Dow J, Gandaglia G, Rivas JG.","Cent European J Urol. 2024;77(3):403-410. doi: 10.5173/ceju.2024.83. Epub 2024 Aug 18.","Lai LY","Cent European J Urol","2024","2025/03/21","PMC11921962","","10.5173/ceju.2024.83"
"33791740","Alpha-1 blockers and susceptibility to COVID-19 in benign prostate hyperplasia patients : an international cohort study","Nishimura A, Xie J, Kostka K, Duarte-Salles T, Bertolín SF, Aragón M, Blacketer C, Shoaibi A, DuVall SL, Lynch K, Matheny ME, Falconer T, Morales DR, Conover MM, You SC, Pratt N, Weaver J, Sena AG, Schuemie MJ, Reps J, Reich C, Rijnbeek PR, Ryan PB, Hripcsak G, Prieto-Alhambra D, Suchard MA.","medRxiv [Preprint]. 2021 Mar 24:2021.03.18.21253778. doi: 10.1101/2021.03.18.21253778.","Nishimura A","medRxiv","2021","2021/04/01","PMC8010772","","10.1101/2021.03.18.21253778"
"39949611","Harmonizing population health data into OMOP common data model: a demonstration using COVID-19 sero-surveillance data from Nairobi Urban Health and Demographic Surveillance System","Ochola M, Kiwuwa-Muyingo S, Bhattacharjee T, Amadi D, Ng'etich M, Kadengye D, Owoko H, Igumba B, Greenfield J, Todd J, Kiragga A.","Front Digit Health. 2025 Jan 28;7:1423621. doi: 10.3389/fdgth.2025.1423621. eCollection 2025.","Ochola M","Front Digit Health","2025","2025/02/14","PMC11822943","","10.3389/fdgth.2025.1423621"
"32511443","Deep phenotyping of 34,128 patients hospitalised with COVID-19 and a comparison with 81,596 influenza patients in America, Europe and Asia: an international network study","Burn E, You SC, Sena A, Kostka K, Abedtash H, Abrahao MTF, Alberga A, Alghoul H, Alser O, Alshammari TM, Aragon M, Areia C, Banda JM, Cho J, Culhane AC, Davydov A, DeFalco FJ, Duarte-Salles T, DuVall SL, Falconer T, Fernandez-Bertolin S, Gao W, Golozar A, Hardin J, Hripcsak G, Huser V, Jeon H, Jing Y, Jung CY, Kaas-Hansen BS, Kaduk D, Kent S, Kim Y, Kolovos S, Lane J, Lee H, Lynch KE, Makadia R, Matheny ME, Mehta P, Morales DR, Natarajan K, Nyberg F, Ostropolets A, Park RW, Park J, Posada JD, Prats-Uribe A, Rao GA, Reich C, Rho Y, Rijnbeek P, Schilling LM, Schuemie M, Shah NH, Shoaibi A, Song S, Spotnitz M, Suchard MA, Swerdel J, Vizcaya D, Volpe S, Wen H, Williams AE, Yimer BB, Zhang L, Zhuk O, Prieto-Alhambra D, Ryan P.","medRxiv [Preprint]. 2020 Jun 28:2020.04.22.20074336. doi: 10.1101/2020.04.22.20074336.","Burn E","medRxiv","2020","2020/06/09","PMC7239064","","10.1101/2020.04.22.20074336"
"31939079","Developing Predictive Models to Determine Patients in End-of-Life Care in Administrative Datasets","Swerdel JN, Reps JM, Fife D, Ryan PB.","Drug Saf. 2020 May;43(5):447-455. doi: 10.1007/s40264-020-00906-7.","Swerdel JN","Drug Saf","2020","2020/01/16","PMC7165142","","10.1007/s40264-020-00906-7"
"26068584","Improving Detection of Arrhythmia Drug-Drug Interactions in Pharmacovigilance Data through the Implementation of Similarity-Based Modeling","Vilar S, Lorberbaum T, Hripcsak G, Tatonetti NP.","PLoS One. 2015 Jun 12;10(6):e0129974. doi: 10.1371/journal.pone.0129974. eCollection 2015.","Vilar S","PLoS One","2015","2015/06/13","PMC4466327","","10.1371/journal.pone.0129974"
"34937726","Characteristics and outcomes of patients with COVID-19 with and without prevalent hypertension: a multinational cohort study","Reyes C, Pistillo A, Fernández-Bertolín S, Recalde M, Roel E, Puente D, Sena AG, Blacketer C, Lai L, Alshammari TM, Ahmed WU, Alser O, Alghoul H, Areia C, Dawoud D, Prats-Uribe A, Valveny N, de Maeztu G, Sorlí Redó L, Martinez Roldan J, Lopez Montesinos I, Schilling LM, Golozar A, Reich C, Posada JD, Shah N, You SC, Lynch KE, DuVall SL, Matheny ME, Nyberg F, Ostropolets A, Hripcsak G, Rijnbeek PR, Suchard MA, Ryan P, Kostka K, Duarte-Salles T.","BMJ Open. 2021 Dec 22;11(12):e057632. doi: 10.1136/bmjopen-2021-057632.","Reyes C","BMJ Open","2021","2021/12/23","PMC8704062","","10.1136/bmjopen-2021-057632"
"27993747","Accuracy of an automated knowledge base for identifying drug adverse reactions","Voss EA, Boyce RD, Ryan PB, van der Lei J, Rijnbeek PR, Schuemie MJ.","J Biomed Inform. 2017 Feb;66:72-81. doi: 10.1016/j.jbi.2016.12.005. Epub 2016 Dec 16.","Voss EA","J Biomed Inform","2017","2016/12/21","PMC5316295","NIHMS841934","10.1016/j.jbi.2016.12.005"
"39896425","Implementing a Common Data Model in Ophthalmology: Mapping Structured Electronic Health Record Ophthalmic Examination Data to Standard Vocabularies","Quon JC, Long CP, Halfpenny W, Chuang A, Cai CX, Baxter SL, Daketi V, Schmitz A, Bahroos N, Xu BY, Toy BC.","Ophthalmol Sci. 2024 Nov 28;5(2):100666. doi: 10.1016/j.xops.2024.100666. eCollection 2025 Mar-Apr.","Quon JC","Ophthalmol Sci","2024","2025/02/03","PMC11783105","","10.1016/j.xops.2024.100666"
"40173432","Conversion of Sensitive Data to the Observational Medical Outcomes Partnership Common Data Model: Protocol for the Development and Use of Carrot","Cox S, Masood E, Panagi V, Macdonald C, Milligan G, Horban S, Santos R, Hall C, Lea D, Tarr S, Mumtaz S, Akashili E, Rae A, Urwin E, Cole C, Sheikh A, Jefferson E, Quinlan PR.","JMIR Res Protoc. 2025 Apr 2;14:e60917. doi: 10.2196/60917.","Cox S","JMIR Res Protoc","2025","2025/04/02","PMC12004012","","10.2196/60917"
"40681761","Unlocking efficiency in real-world collaborative studies: a multi-site international study with one-shot lossless GLMM algorithm","Tong J, Reps JM, Luo C, Lu Y, Li L, Ramirez-Anguita JM, Brand MT, DuVall SL, Falconer T, Fuentes AM, He X, Matheny ME, Mayer MA, Patel BK, Simon KR, Suchard MA, Tang G, Viernes B, Williams RD, van Zandt M, Wang F, Bian J, Zhou J, Asch DA, Chen Y.","NPJ Digit Med. 2025 Jul 19;8(1):457. doi: 10.1038/s41746-025-01846-1.","Tong J","NPJ Digit Med","2025","2025/07/18","PMC12274576","","10.1038/s41746-025-01846-1"
"36845321","Characteristics and outcomes of COVID-19 patients with COPD from the United States, South Korea, and Europe","Moreno-Martos D, Verhamme K, Ostropolets A, Kostka K, Duarte-Sales T, Prieto-Alhambra D, Alshammari TM, Alghoul H, Ahmed WU, Blacketer C, DuVall S, Lai L, Matheny M, Nyberg F, Posada J, Rijnbeek P, Spotnitz M, Sena A, Shah N, Suchard M, Chan You S, Hripcsak G, Ryan P, Morales D.","Wellcome Open Res. 2022 Mar 24;7:22. doi: 10.12688/wellcomeopenres.17403.3. eCollection 2022.","Moreno-Martos D","Wellcome Open Res","2022","2023/02/28","PMC9951545","","10.12688/wellcomeopenres.17403.3"
"28270198","Large-scale adverse effects related to treatment evidence standardization (LAERTES): an open scalable system for linking pharmacovigilance evidence sources with clinical data","Knowledge Base workgroup of the Observational Health Data Sciences and Informatics (OHDSI) collaborative.","J Biomed Semantics. 2017 Mar 7;8(1):11. doi: 10.1186/s13326-017-0115-3.","Knowledge Base workgroup of the Observational Health Data Sciences and Informatics (OHDSI) collaborative","J Biomed Semantics","2017","2017/03/09","PMC5341176","","10.1186/s13326-017-0115-3"
"40694804","Evaluation of the impact of defining observable time in real-world data on outcome incidence","Blacketer C, DeFalco FJ, Conover MM, Ryan PB, Schuemie MJ, Rijnbeek PR.","J Am Med Inform Assoc. 2025 Sep 1;32(9):1434-1444. doi: 10.1093/jamia/ocaf119.","Blacketer C","J Am Med Inform Assoc","2025","2025/07/22","PMC12361855","","10.1093/jamia/ocaf119"
"39820599","CohortDiagnostics: Phenotype evaluation across a network of observational data sources using population-level characterization","Rao GA, Shoaibi A, Makadia R, Hardin J, Swerdel J, Weaver J, Voss EA, Conover MM, Fortin S, Sena AG, Knoll C, Hughes N, Gilbert JP, Blacketer C, Andryc A, DeFalco F, Molinaro A, Reps J, Schuemie MJ, Ryan PB.","PLoS One. 2025 Jan 16;20(1):e0310634. doi: 10.1371/journal.pone.0310634. eCollection 2025.","Rao GA","PLoS One","2025","2025/01/17","PMC11737733","","10.1371/journal.pone.0310634"
"39565915","Identifying factors associated with persistent opioid use after total joint arthroplasty: a retrospective review","Quaye A, DiPalazzo J, Kostka K, Richard JM, Beers-Mulroy B, Peck M, Krulee R, Zhang Y.","Pain Med. 2025 Feb 1;26(2):53-62. doi: 10.1093/pm/pnae120.","Quaye A","Pain Med","2025","2024/11/20","PMC11789782","","10.1093/pm/pnae120"
"39805811","Glucagon-Like Peptide 1 Receptor Agonists and Chronic Lower Respiratory Disease Among Type 2 Diabetes Patients: Replication and Reliability Assessment Across a Research Network","Conover MM, Albogami Y, Hardin J, Reich CG, Ostropolets A, Ryan PB; Observational Health Data Sciences and Informatics (OHDSI) Research Network.","Pharmacoepidemiol Drug Saf. 2025 Jan;34(1):e70087. doi: 10.1002/pds.70087.","Conover MM","Pharmacoepidemiol Drug Saf","2025","2025/01/13","PMC11730806","","10.1002/pds.70087"
"40385408","Systematic identification of rare disease patients in electronic health records enables evaluation of clinical outcomes","Yadaw AS, Sid E, Sidky H, Zeng C, Zhu Q, Mathé EA; On behalf the N3C Consortium.","medRxiv [Preprint]. 2025 May 6:2025.05.02.25325348. doi: 10.1101/2025.05.02.25325348.","Yadaw AS","medRxiv","2025","2025/05/19","PMC12083593","","10.1101/2025.05.02.25325348"
"39430337","Incidence, prevalence, and survival of lung cancer in the United Kingdom from 2000-2021: a population-based cohort study","Corby G, Barclay NL, Tan EH, Burn E, Delmestri A, Duarte-Salles T, Golozar A, Man WY, Tietzova I, Prieto-Alhambra D, Newby D.","Transl Lung Cancer Res. 2024 Sep 30;13(9):2187-2201. doi: 10.21037/tlcr-24-241. Epub 2024 Sep 21.","Corby G","Transl Lung Cancer Res","2024","2024/10/21","PMC11484731","","10.21037/tlcr-24-241"
"34267326","Characteristics and outcomes of 627 044 COVID-19 patients living with and without obesity in the United States, Spain, and the United Kingdom","Recalde M, Roel E, Pistillo A, Sena AG, Prats-Uribe A, Ahmed WU, Alghoul H, Alshammari TM, Alser O, Areia C, Burn E, Casajust P, Dawoud D, DuVall SL, Falconer T, Fernández-Bertolín S, Golozar A, Gong M, Lai LYH, Lane JCE, Lynch KE, Matheny ME, Mehta PP, Morales DR, Natarjan K, Nyberg F, Posada JD, Reich CG, Rijnbeek PR, Schilling LM, Shah K, Shah NH, Subbian V, Zhang L, Zhu H, Ryan P, Prieto-Alhambra D, Kostka K, Duarte-Salles T.","Int J Obes (Lond). 2021 Nov;45(11):2347-2357. doi: 10.1038/s41366-021-00893-4. Epub 2021 Jul 15.","Recalde M","Int J Obes (Lond)","2021","2021/07/16","PMC8281807","","10.1038/s41366-021-00893-4"
"36188566","International cohort study indicates no association between alpha-1 blockers and susceptibility to COVID-19 in benign prostatic hyperplasia patients","Nishimura A, Xie J, Kostka K, Duarte-Salles T, Fernández Bertolín S, Aragón M, Blacketer C, Shoaibi A, DuVall SL, Lynch K, Matheny ME, Falconer T, Morales DR, Conover MM, Chan You S, Pratt N, Weaver J, Sena AG, Schuemie MJ, Reps J, Reich C, Rijnbeek PR, Ryan PB, Hripcsak G, Prieto-Alhambra D, Suchard MA.","Front Pharmacol. 2022 Sep 14;13:945592. doi: 10.3389/fphar.2022.945592. eCollection 2022.","Nishimura A","Front Pharmacol","2022","2022/10/03","PMC9518954","","10.3389/fphar.2022.945592"
"33907758","NSAID use and clinical outcomes in COVID-19 patients: A 38-center retrospective cohort study","Reese JT, Coleman B, Chan L, Blau H, Callahan TJ, Cappelletti L, Fontana T, Bradwell KR, Harris NL, Casiraghi E, Valentini G, Karlebach G, Deer R, McMurry JA, Haendel MA, Chute CG, Pfaff E, Moffitt R, Spratt H, Singh J, Mungall CJ, Williams AE, Robinson PN.","medRxiv [Preprint]. 2021 Dec 22:2021.04.13.21255438. doi: 10.1101/2021.04.13.21255438.","Reese JT","medRxiv","2021","2021/04/28","PMC8077581","","10.1101/2021.04.13.21255438"
"37414703","Clinical Characterization of Patients Diagnosed with Prostate Cancer and Undergoing Conservative Management: A PIONEER Analysis Based on Big Data","Gandaglia G, Pellegrino F, Golozar A, De Meulder B, Abbott T, Achtman A, Imran Omar M, Alshammari T, Areia C, Asiimwe A, Beyer K, Bjartell A, Campi R, Cornford P, Falconer T, Feng Q, Gong M, Herrera R, Hughes N, Hulsen T, Kinnaird A, Lai LYH, Maresca G, Mottet N, Oja M, Prinsen P, Reich C, Remmers S, Roobol MJ, Sakalis V, Seager S, Smith EJ, Snijder R, Steinbeisser C, Thurin NH, Hijazy A, van Bochove K, Van den Bergh RCN, Van Hemelrijck M, Willemse PP, Williams AE, Zounemat Kermani N, Evans-Axelsson S, Briganti A, N'Dow J; PIONEER Consortium.","Eur Urol. 2024 May;85(5):457-465. doi: 10.1016/j.eururo.2023.06.012. Epub 2023 Jul 5.","Gandaglia G","Eur Urol","2024","2023/07/06","","","10.1016/j.eururo.2023.06.012"
"26893951","Conversion and Data Quality Assessment of Electronic Health Record Data at a Korean Tertiary Teaching Hospital to a Common Data Model for Distributed Network Research","Yoon D, Ahn EK, Park MY, Cho SY, Ryan P, Schuemie MJ, Shin D, Park H, Park RW.","Healthc Inform Res. 2016 Jan;22(1):54-8. doi: 10.4258/hir.2016.22.1.54. Epub 2016 Jan 31.","Yoon D","Healthc Inform Res","2016","2016/02/20","PMC4756059","","10.4258/hir.2016.22.1.54"
"32864627","Risk of hydroxychloroquine alone and in combination with azithromycin in the treatment of rheumatoid arthritis: a multinational, retrospective study","Lane JCE, Weaver J, Kostka K, Duarte-Salles T, Abrahao MTF, Alghoul H, Alser O, Alshammari TM, Biedermann P, Banda JM, Burn E, Casajust P, Conover MM, Culhane AC, Davydov A, DuVall SL, Dymshyts D, Fernandez-Bertolin S, Fišter K, Hardin J, Hester L, Hripcsak G, Kaas-Hansen BS, Kent S, Khosla S, Kolovos S, Lambert CG, van der Lei J, Lynch KE, Makadia R, Margulis AV, Matheny ME, Mehta P, Morales DR, Morgan-Stewart H, Mosseveld M, Newby D, Nyberg F, Ostropolets A, Park RW, Prats-Uribe A, Rao GA, Reich C, Reps J, Rijnbeek P, Sathappan SMK, Schuemie M, Seager S, Sena AG, Shoaibi A, Spotnitz M, Suchard MA, Torre CO, Vizcaya D, Wen H, de Wilde M, Xie J, You SC, Zhang L, Zhuk O, Ryan P, Prieto-Alhambra D; OHDSI-COVID-19 consortium.","Lancet Rheumatol. 2020 Nov;2(11):e698-e711. doi: 10.1016/S2665-9913(20)30276-9. Epub 2020 Aug 21.","Lane JCE","Lancet Rheumatol","2020","2020/09/01","PMC7442425","","10.1016/S2665-9913(20)30276-9"
"40774333","Advancing Real-World Evidence Through a Federated Health Data Network (EHDEN): Descriptive Study","Blacketer C, Schuemie MJ, Moinat M, Voss EA, Camprubi M, Rijnbeek PR, Ryan PB.","J Med Internet Res. 2025 Aug 7;27:e74119. doi: 10.2196/74119.","Blacketer C","J Med Internet Res","2025","2025/08/07","PMC12331365","","10.2196/74119"
"35653017","Phenotype Algorithms for the Identification and Characterization of Vaccine-Induced Thrombotic Thrombocytopenia in Real World Data: A Multinational Network Cohort Study","Shoaibi A, Rao GA, Voss EA, Ostropolets A, Mayer MA, Ramírez-Anguita JM, Maljković F, Carević B, Horban S, Morales DR, Duarte-Salles T, Fraboulet C, Le Carrour T, Denaxas S, Papez V, John LH, Rijneek PR, Minty E, Alshammari TM, Makadia R, Blacketer C, DeFalco F, Sena AG, Suchard MA, Prieto-Alhambra D, Ryan PB.","Drug Saf. 2022 Jun;45(6):685-698. doi: 10.1007/s40264-022-01187-y. Epub 2022 Jun 2.","Shoaibi A","Drug Saf","2022","2022/06/02","PMC9160850","","10.1007/s40264-022-01187-y"
"27891528","Preparing Nursing Home Data from Multiple Sites for Clinical Research - A Case Study Using Observational Health Data Sciences and Informatics","Boyce RD, Handler SM, Karp JF, Perera S, Reynolds CF 3rd.","EGEMS (Wash DC). 2016 Oct 26;4(1):1252. doi: 10.13063/2327-9214.1252. eCollection 2016.","Boyce RD","EGEMS (Wash DC)","2016","2016/11/29","PMC5108634","","10.13063/2327-9214.1252"
"41438153","The challenges of national health data ecosystems in feeding the European health data space: the Italian example","Murgia Y, Gazzarata R, Ciampi M, Sicuranza M, Cirillo F, Esposito C, Maggi N, Balestra G, Sacchi L, Giacomini M.","Front Med (Lausanne). 2025 Dec 8;12:1644719. doi: 10.3389/fmed.2025.1644719. eCollection 2025.","Murgia Y","Front Med (Lausanne)","2025","2025/12/24","PMC12719427","","10.3389/fmed.2025.1644719"
"41877886","Migrating longitudinal African mental health data from staging to the OMOP common data model within the INSPIRE network datahub","Bhattacharjee T, Mugotitsa B, Ochola M, Momanyi R, Andeso P, Amadi D, Mailosi D, Najjemba L, Greenfield J, Mabe K, Slaymaker E, Todd J, Kiragga A; INSPIRE Network.","Front Psychiatry. 2026 Mar 9;17:1751529. doi: 10.3389/fpsyt.2026.1751529. eCollection 2026.","Bhattacharjee T","Front Psychiatry","2026","2026/03/25","PMC13006644","","10.3389/fpsyt.2026.1751529"
"26153397","A Method to Combine Signals from Spontaneous Reporting Systems and Observational Healthcare Data to Detect Adverse Drug Reactions","Li Y, Ryan PB, Wei Y, Friedman C.","Drug Saf. 2015 Oct;38(10):895-908. doi: 10.1007/s40264-015-0314-8.","Li Y","Drug Saf","2015","2015/07/09","PMC4579260","","10.1007/s40264-015-0314-8"
"25848530","Development and validation of a classification approach for extracting severity automatically from electronic health records","Boland MR, Tatonetti NP, Hripcsak G.","J Biomed Semantics. 2015 Apr 6;6:14. doi: 10.1186/s13326-015-0010-8. eCollection 2015.","Boland MR","J Biomed Semantics","2015","2015/04/08","PMC4386082","","10.1186/s13326-015-0010-8"
"28681416","Risk of angioedema associated with levetiracetam compared with phenytoin: Findings of the observational health data sciences and informatics research network","Duke JD, Ryan PB, Suchard MA, Hripcsak G, Jin P, Reich C, Schwalm MS, Khoma Y, Wu Y, Xu H, Shah NH, Banda JM, Schuemie MJ.","Epilepsia. 2017 Aug;58(8):e101-e106. doi: 10.1111/epi.13828. Epub 2017 Jul 6.","Duke JD","Epilepsia","2017","2017/07/07","PMC6632067","NIHMS1034326","10.1111/epi.13828"
"28823923","Procedure prediction from symbolic Electronic Health Records via time intervals analytics","Moskovitch R, Polubriaginof F, Weiss A, Ryan P, Tatonetti N.","J Biomed Inform. 2017 Nov;75:70-82. doi: 10.1016/j.jbi.2017.07.018. Epub 2017 Aug 17.","Moskovitch R","J Biomed Inform","2017","2017/08/22","","","10.1016/j.jbi.2017.07.018"
"27014709","Data Extraction and Management in Networks of Observational Health Care Databases for Scientific Research: A Comparison of EU-ADR, OMOP, Mini-Sentinel and MATRICE Strategies","Gini R, Schuemie M, Brown J, Ryan P, Vacchi E, Coppola M, Cazzola W, Coloma P, Berni R, Diallo G, Oliveira JL, Avillach P, Trifirò G, Rijnbeek P, Bellentani M, van Der Lei J, Klazinga N, Sturkenboom M.","EGEMS (Wash DC). 2016 Feb 8;4(1):1189. doi: 10.13063/2327-9214.1189. eCollection 2016.","Gini R","EGEMS (Wash DC)","2016","2016/03/26","PMC4780748","","10.13063/2327-9214.1189"
"41678907","Incidence and survival of head and neck cancers in the United Kingdom 2000-2021","Miquel-Dominguez A, Tan EH, Burn E, Delmestri A, Duarte-Salles T, Golozar A, Man WY, Prieto-Alhambra D, Avilés-Jurado FX, Newby D.","Cancer Epidemiol. 2026 Apr;101:103018. doi: 10.1016/j.canep.2026.103018. Epub 2026 Feb 11.","Miquel-Dominguez A","Cancer Epidemiol","2026","2026/02/12","","","10.1016/j.canep.2026.103018"
"27940627","Automatic identification of type 2 diabetes, hypertension, ischaemic heart disease, heart failure and their levels of severity from Italian General Practitioners' electronic medical records: a validation study","Gini R, Schuemie MJ, Mazzaglia G, Lapi F, Francesconi P, Pasqua A, Bianchini E, Montalbano C, Roberto G, Barletta V, Cricelli I, Cricelli C, Dal Co G, Bellentani M, Sturkenboom M, Klazinga N.","BMJ Open. 2016 Dec 9;6(12):e012413. doi: 10.1136/bmjopen-2016-012413.","Gini R","BMJ Open","2016","2016/12/13","PMC5168667","","10.1136/bmjopen-2016-012413"
"41930302","Evaluating the statistical utility and information loss in the transformation of a real-world oncology database from CDISC-SDTM to OMOP-CDM","Lambert A, Castagne C, Pau D, Chmiel J, Labarga A, Boernert E, Margraff F, Bachot C, Kaczmarek L, Toshev D, Martinez G J, Stone T.","ESMO Real World Data Digit Oncol. 2025 Dec 15;11:100655. doi: 10.1016/j.esmorw.2025.100655. eCollection 2026 Mar.","Lambert A","ESMO Real World Data Digit Oncol","2025","2026/04/03","PMC13040891","","10.1016/j.esmorw.2025.100655"
"29232365","Monitoring compliance with standards of care for chronic diseases using healthcare administrative databases in Italy: Strengths and limitations","Gini R, Schuemie MJ, Pasqua A, Carlini E, Profili F, Cricelli I, Dazzi P, Barletta V, Francesconi P, Lapi F, Donatini A, Dal Co G, Visca M, Bellentani M, Sturkenboom M, Klazinga N.","PLoS One. 2017 Dec 12;12(12):e0188377. doi: 10.1371/journal.pone.0188377. eCollection 2017.","Gini R","PLoS One","2017","2017/12/13","PMC5726627","","10.1371/journal.pone.0188377"
